2.3412e+10,-4.9005e+10,2.1313e+10,-5.6618e+10,2.2989e+10,-6.3638e+10,2.11e+10,-6.9768e+10,7.8743e+09,-6.7953e+10,-1.5887e+10,-5.4552e+10,-4.0494e+10,-3.756e+10,-5.9671e+10,-2.456e+10,-6.6229e+10,-1.5206e+10,-6.2363e+10,-1.1551e+10,-5.4743e+10,-7.8496e+09,-4.9403e+10,-1.31e+10,-4.8848e+10,-2.0264e+10,-4.4368e+10,-2.5295e+10,-3.4405e+10,-2.9387e+10,-2.3988e+10,-3.7084e+10,-1.7607e+10,-4.6033e+10,-1.7796e+10,-5.1681e+10,-2.969e+10,-4.7694e+10,-4.1499e+10,-4.2316e+10,-5.4845e+10,-4.0146e+10,-6.7161e+10,-4.0672e+10,-7.2185e+10,-3.6701e+10,-7.0209e+10,-3.7636e+10,-6.8812e+10,-3.9853e+10,-6.555e+10,-3.9586e+10,-5.6122e+10,-4.3713e+10,-7.4075e+10,-5.2701e+10,-7.8471e+10,-5.6242e+10,-8.3871e+10,-6.0341e+10,-8.9452e+10,-6.4034e+10,-7.0147e+10,-6.4325e+10,-7.6447e+10,-6.2972e+10,-8.1167e+10,-6.2826e+10,-8.0987e+10,-6.1604e+10,-8.1149e+10,-6.132e+10,-3.5683e+10,-5.2528e+10,-4.3149e+10,-5.8006e+10,-4.5561e+10,-5.7845e+10,-4.832e+10,-5.3265e+10,-4.551e+10,-5.0694e+10,-4.3259e+10,-5.0109e+10,-6.2613e+10,-5.1832e+10,-6.2639e+10,-5.653e+10,-6.0889e+10,-5.6453e+10,-5.8736e+10,-5.0868e+10,-6.0814e+10,-4.8543e+10,-6.2048e+10,-4.9843e+10,-5.1621e+10,-4.1683e+10,-7.2067e+10,-5.6472e+10,-8.1331e+10,-5.9334e+10,-8.2099e+10,-5.9572e+10,-8.104e+10,-5.8022e+10,-7.5094e+10,-5.26e+10,-7.5766e+10,-3.1911e+10,-7.4117e+10,-1.3827e+10,-7.9973e+10,-5.9883e+09,-8.1262e+10,-6.7069e+09,-8.099e+10,-9.5743e+09,-7.2334e+10,-2.2702e+10,-5.6065e+10,-4.1488e+10,-8.032e+10,-6.0035e+10,-8.1566e+10,-6.0547e+10,-8.0749e+10,-5.8385e+10,-7.401e+10,-3.4055e+10,-8.0583e+10,-4.8628e+09,-8.1501e+10,-5.531e+09,-8.0892e+10,-8.9155e+09,1
7.0416e+09,5.7886e+10,4.9814e+09,6.7658e+10,-5.3061e+08,7.7353e+10,8.2629e+08,8.6187e+10,1.5065e+10,8.3561e+10,3.5885e+10,7.4052e+10,4.4107e+10,7.0629e+10,4.1982e+10,7.9689e+10,3.2987e+10,7.9501e+10,1.9027e+10,7.6181e+10,7.8744e+09,6.5249e+10,6.1169e+09,6.6378e+10,1.908e+10,7.4179e+10,2.817e+10,7.7396e+10,2.7553e+10,7.1174e+10,2.1257e+10,6.252e+10,1.8251e+10,5.3424e+10,1.1853e+10,1.2829e+11,1.418e+10,1.2963e+11,1.9015e+10,1.3649e+11,2.0078e+10,1.4268e+11,1.8833e+10,1.4912e+11,2.7081e+10,1.4371e+11,2.5906e+10,1.3875e+11,2.5289e+10,1.3287e+11,2.7963e+10,1.258e+11,2.707e+10,1.2481e+11,2.4146e+10,1.6308e+11,2.453e+10,1.8316e+11,2.5308e+10,2.0227e+11,2.5821e+10,2.2036e+11,9.4607e+09,1.8124e+11,1.8867e+10,1.8437e+11,2.5885e+10,1.8952e+11,3.24e+10,1.8437e+11,4.1187e+10,1.8184e+11,1.949e+10,1.2697e+11,2.3193e+10,1.3341e+11,2.4506e+10,1.3896e+11,2.0244e+10,1.4461e+11,2.0281e+10,1.3718e+11,2.0013e+10,1.3126e+11,2.3659e+10,1.4283e+11,2.0125e+10,1.3769e+11,2.0033e+10,1.3245e+11,2.0949e+10,1.2604e+11,2.3126e+10,1.3022e+11,2.3639e+10,1.3623e+11,4.8771e+07,1.0655e+11,1.5457e+10,1.519e+11,2.5113e+10,1.713e+11,2.9316e+10,1.7151e+11,3.2764e+10,1.6964e+11,4.1767e+10,1.4823e+11,5.8677e+10,9.7994e+10,4.4588e+10,1.1161e+11,3.8254e+10,1.232e+11,3.3781e+10,1.2577e+11,2.8924e+10,1.2535e+11,1.9054e+10,1.1718e+11,3.3808e+08,1.1463e+11,2.4623e+10,1.596e+11,2.9385e+10,1.618e+11,3.3751e+10,1.5779e+11,5.9942e+10,1.0768e+11,3.7077e+10,1.253e+11,3.2691e+10,1.2759e+11,2.7592e+10,1.2727e+11,2
-3.1016e+10,-6.8194e+10,-2.9016e+10,-5.4419e+10,-2.7964e+10,-4.0294e+10,-2.5547e+10,-2.69e+10,-1.5103e+10,-1.1403e+10,-5.8148e+09,5.5864e+09,-1.5219e+09,3.0191e+10,4.3091e+09,4.6475e+10,1.3093e+10,5.046e+10,2.139e+10,4.0081e+10,2.7044e+10,2.0713e+10,3.3158e+10,-1.8695e+09,4.4159e+10,-1.9876e+10,5.7878e+10,-3.5221e+10,5.9632e+10,-5.112e+10,5.7025e+10,-6.9243e+10,5.5958e+10,-8.4074e+10,-4.7067e+10,-1.4871e+11,-5.6071e+10,-1.7629e+11,-4.7923e+10,-1.9945e+11,-3.4946e+10,-2.0803e+11,-2.4248e+10,-2.008e+11,-6.2696e+09,-2.0792e+11,7.3625e+09,-2.1283e+11,2.4837e+10,-2.0314e+11,3.6425e+10,-1.7773e+11,3.5423e+10,-1.51e+11,-1.0941e+10,-1.677e+11,-1.0811e+10,-1.7033e+11,-1.1204e+10,-1.7253e+11,-1.1025e+10,-1.7274e+11,-3.0868e+10,-1.4694e+11,-1.8675e+10,-1.4609e+11,-5.5328e+09,-1.4365e+11,7.4546e+09,-1.4783e+11,2.0451e+10,-1.5101e+11,-3.6995e+10,-1.2565e+11,-3.3291e+10,-1.2748e+11,-3.2829e+10,-1.3078e+11,-2.4656e+10,-1.4004e+11,-2.8951e+10,-1.4177e+11,-2.9297e+10,-1.4057e+11,1.2162e+10,-1.4136e+11,1.9167e+10,-1.3241e+11,1.9437e+10,-1.2945e+11,2.5904e+10,-1.2816e+11,1.6748e+10,-1.4343e+11,1.6425e+10,-1.4458e+11,-5.917e+10,-8.4929e+10,-5.6875e+10,-1.304e+11,-2.2439e+10,-1.4331e+11,-2.2054e+09,-1.4436e+11,1.8073e+10,-1.4433e+11,5.7574e+10,-1.3353e+11,6.1397e+10,-8.8815e+10,5.9761e+10,7.5393e+09,2.3166e+10,5.4126e+10,-1.3373e+09,5.9487e+10,-2.5912e+10,5.4786e+10,-5.7885e+10,1.0158e+10,-6.2745e+10,-8.1573e+10,-2.0641e+10,-1.3719e+11,-1.3381e+09,-1.3981e+11,1.808e+10,-1.3904e+11,6.4938e+10,-8.5481e+10,2.0825e+10,3.7185e+10,-1.8333e+09,4.2282e+10,-2.456e+10,3.8217e+10,2
-2.7785e+10,3.8411e+10,-2.3818e+10,4.4355e+10,-1.8782e+10,4.9931e+10,-1.0641e+10,5.2806e+10,-3.5298e+08,5.199e+10,1.2136e+10,4.5226e+10,2.8478e+10,3.3602e+10,4.2649e+10,1.8357e+10,4.5158e+10,1.0325e+10,3.8899e+10,7.9872e+09,2.7889e+10,8.5205e+09,1.6413e+10,9.899e+09,5.0362e+09,1.1521e+10,-1.856e+09,1.5761e+10,-3.695e+09,2.1966e+10,-5.4825e+09,2.8752e+10,-9.2664e+09,3.6145e+10,1.3177e+10,1.1048e+10,2.1852e+10,6.7695e+09,2.8817e+10,1.4036e+09,3.7714e+10,3.9001e+07,4.54e+10,-9.1294e+07,4.2344e+10,-2.4128e+09,3.8414e+10,-1.0203e+09,3.5074e+10,8.8675e+08,2.9859e+10,1.8914e+09,2.0325e+10,6.0248e+09,4.908e+10,7.1634e+09,5.3665e+10,5.0833e+09,5.8825e+10,3.5622e+09,6.4236e+10,1.4576e+09,6.067e+10,2.0043e+10,5.878e+10,1.6102e+10,5.631e+10,1.1771e+10,4.9351e+10,1.5247e+10,4.2255e+10,1.7932e+10,2.212e+10,1.5655e+10,2.5007e+10,1.4419e+10,2.8507e+10,1.2554e+10,3.0223e+10,1.1744e+10,2.9076e+10,1.5293e+10,2.5308e+10,1.748e+10,3.4621e+10,1.1387e+10,3.1724e+10,1.2348e+10,3.1789e+10,1.4184e+10,2.7558e+10,1.4542e+10,3.1855e+10,1.6477e+10,3.1279e+10,1.5011e+10,8.1578e+10,5.6093e+10,7.3775e+10,3.4398e+10,6.4995e+10,2.0651e+10,5.6235e+10,2.1035e+10,4.57e+10,1.9783e+10,2.3958e+10,3.1742e+10,-9.6942e+08,5.0539e+10,2.196e+10,2.4663e+10,4.4291e+10,1.339e+10,5.4656e+10,1.3066e+10,6.4117e+10,1.6021e+10,7.3954e+10,2.9832e+10,8.5369e+10,4.912e+10,6.4678e+10,3.1745e+10,5.5531e+10,3.008e+10,4.5034e+10,3.0472e+10,-3.1057e+09,4.5024e+10,4.4421e+10,5.1032e+09,5.5037e+10,4.9904e+09,6.4803e+10,7.86e+09,1
1.4713e+10,-5.7203e+10,1.4323e+10,-6.7103e+10,1.6919e+10,-7.6374e+10,1.5533e+10,-8.5048e+10,2.9967e+09,-8.4963e+10,-1.7252e+10,-7.6549e+10,-3.1265e+10,-7.036e+10,-3.7394e+10,-7.1195e+10,-3.5575e+10,-6.779e+10,-2.8377e+10,-6.4336e+10,-2.2525e+10,-5.7626e+10,-2.4109e+10,-5.9798e+10,-3.4153e+10,-6.5448e+10,-4.0262e+10,-6.7233e+10,-3.7725e+10,-6.2362e+10,-3.1543e+10,-5.6618e+10,-2.8948e+10,-5.0519e+10,7.4862e+09,-8.6747e+10,3.8106e+09,-8.0496e+10,-5.1819e+09,-8.0172e+10,-1.2888e+10,-8.3033e+10,-1.9015e+10,-8.8748e+10,-2.8379e+10,-8.3065e+10,-3.1794e+10,-7.912e+10,-3.5779e+10,-7.6689e+10,-4.0672e+10,-7.5728e+10,-3.9515e+10,-8.161e+10,-2.6879e+10,-1.0741e+11,-2.8236e+10,-1.2097e+11,-3.0066e+10,-1.3421e+11,-3.1723e+10,-1.4701e+11,-1.5804e+10,-1.3049e+11,-2.4038e+10,-1.314e+11,-3.0597e+10,-1.341e+11,-3.5687e+10,-1.3044e+11,-4.2603e+10,-1.2903e+11,-4.4799e+09,-9.1784e+10,-9.7731e+09,-9.4862e+10,-1.354e+10,-9.7765e+10,-1.4145e+10,-1.015e+11,-1.1401e+10,-9.774e+10,-7.9832e+09,-9.45e+10,-2.9937e+10,-9.9624e+10,-2.9843e+10,-9.6417e+10,-3.1579e+10,-9.3686e+10,-3.3159e+10,-9.0194e+10,-3.3582e+10,-9.26e+10,-3.1735e+10,-9.6296e+10,-7.815e+09,-8.871e+10,-2.2787e+10,-1.1629e+11,-3.1428e+10,-1.255e+11,-3.4729e+10,-1.2583e+11,-3.7304e+10,-1.237e+11,-4.3125e+10,-1.1174e+11,-5.4734e+10,-7.9397e+10,-4.4798e+10,-8.2479e+10,-4.0903e+10,-8.6981e+10,-3.7603e+10,-8.8837e+10,-3.3795e+10,-8.9456e+10,-2.5437e+10,-8.918e+10,-1.0486e+10,-9.28e+10,-3.1053e+10,-1.2148e+11,-3.481e+10,-1.2255e+11,-3.8039e+10,-1.1937e+11,-5.4006e+10,-8.5223e+10,-3.9991e+10,-8.4996e+10,-3.6864e+10,-8.6581e+10,-3.3013e+10,-8.7543e+10,1
-2.1488e+10,6.9682e+10,-2.1636e+10,7.854e+10,-1.719e+10,8.5528e+10,-1.7604e+10,9.384e+10,-2.3417e+10,1.0305e+11,-3.5921e+10,1.1877e+11,-5.9571e+10,1.4537e+11,-8.9066e+10,1.7267e+11,-1.0703e+11,1.8518e+11,-1.081e+11,1.875e+11,-9.216e+10,1.9076e+11,-5.9173e+10,1.8784e+11,-2.7513e+10,1.8229e+11,3.743e+09,1.7079e+11,2.8094e+10,1.4262e+11,4.5298e+10,1.0066e+11,6.1001e+10,5.1439e+10,-1.3972e+11,9.395e+10,-1.6488e+11,7.0488e+10,-1.6485e+11,7.7721e+10,-1.7105e+11,9.2323e+10,-1.7751e+11,1.1064e+11,-1.6112e+11,1.0343e+11,-1.3115e+11,8.7067e+10,-1.0203e+11,7.4267e+10,-6.6366e+10,8.03e+10,-3.5145e+10,9.9921e+10,-1.6857e+11,1.4561e+11,-1.7726e+11,1.722e+11,-1.8758e+11,1.968e+11,-1.9925e+11,2.2205e+11,-1.817e+11,2.0674e+11,-1.795e+11,2.0914e+11,-1.7649e+11,2.1311e+11,-1.6313e+11,2.0848e+11,-1.4456e+11,2.0812e+11,-1.5169e+11,1.2333e+11,-1.5604e+11,1.0524e+11,-1.4269e+11,1.1186e+11,-1.4063e+11,1.4422e+11,-1.4713e+11,1.4976e+11,-1.6158e+11,1.4553e+11,-1.0898e+11,1.4215e+11,-1.0319e+11,1.1173e+11,-8.3784e+10,1.0656e+11,-6.9276e+10,1.2209e+11,-7.6968e+10,1.4217e+11,-9.6228e+10,1.4653e+11,-1.2218e+11,1.9926e+11,-1.4642e+11,2.1706e+11,-1.6239e+11,2.1811e+11,-1.6176e+11,2.1922e+11,-1.5707e+11,2.1548e+11,-1.3261e+11,2.1147e+11,-1.0699e+11,1.9749e+11,-1.2554e+11,2.2399e+11,-1.44e+11,2.4105e+11,-1.508e+11,2.4254e+11,-1.5386e+11,2.3815e+11,-1.3832e+11,2.1952e+11,-1.209e+11,2.044e+11,-1.601e+11,2.1918e+11,-1.5961e+11,2.1902e+11,-1.5355e+11,2.1638e+11,-1.0961e+11,2.0111e+11,-1.4904e+11,2.2917e+11,-1.538e+11,2.2987e+11,-1.5558e+11,2.2525e+11,2
-1.9154e+10,-1.6131e+11,-1.7476e+10,-1.519e+11,-1.8046e+10,-1.4072e+11,-1.6681e+10,-1.3041e+11,-7.1527e+09,-1.1298e+11,-3.9125e+08,-9.1201e+10,6.0172e+09,-6.345e+10,2.1125e+10,-4.9737e+10,4.1214e+10,-4.6373e+10,5.7207e+10,-5.985e+10,6.2192e+10,-8.5767e+10,5.6849e+10,-1.1742e+11,5.5557e+10,-1.4284e+11,5.9268e+10,-1.6059e+11,5.2416e+10,-1.6904e+11,4.4218e+10,-1.7419e+11,3.7501e+10,-1.7141e+11,6.3515e+08,-2.8956e+11,-4.0555e+09,-3.1291e+11,1.3171e+09,-3.4669e+11,1.6259e+10,-3.6607e+11,2.9035e+10,-3.6688e+11,4.2765e+10,-3.704e+11,4.6881e+10,-3.6834e+11,5.6373e+10,-3.4854e+11,5.4829e+10,-3.1611e+11,4.1635e+10,-2.919e+11,3.8902e+10,-3.4716e+11,4.1419e+10,-3.6827e+11,4.36e+10,-3.879e+11,4.7219e+10,-4.0478e+11,1.9679e+10,-3.5977e+11,3.2307e+10,-3.5912e+11,4.6726e+10,-3.5771e+11,5.7873e+10,-3.6054e+11,6.5879e+10,-3.6478e+11,1.2345e+10,-2.7456e+11,1.6285e+10,-2.6979e+11,8.1699e+09,-2.7815e+11,1.7555e+10,-3.0721e+11,1.6299e+10,-3.1141e+11,2.5033e+10,-3.0696e+11,4.5088e+10,-3.0715e+11,5.2496e+10,-2.7968e+11,4.3042e+10,-2.7251e+11,4.5483e+10,-2.7647e+11,3.5337e+10,-3.0826e+11,4.4854e+10,-3.1309e+11,-4.7235e+10,-2.6005e+11,-3.8598e+10,-3.3887e+11,1.4482e+10,-3.5811e+11,4.2675e+10,-3.6033e+11,6.9771e+10,-3.5731e+11,1.1559e+11,-3.3795e+11,1.0907e+11,-2.5914e+11,1.1514e+11,-1.3191e+11,6.9713e+10,-7.3773e+10,3.8016e+10,-6.7698e+10,4.9453e+09,-7.3239e+10,-4.4882e+10,-1.3049e+11,-5.5042e+10,-2.579e+11,1.6181e+10,-3.5102e+11,4.3006e+10,-3.5469e+11,6.7985e+10,-3.5106e+11,1.1617e+11,-2.5744e+11,6.9107e+10,-8.9143e+10,3.8928e+10,-8.299e+10,7.7983e+09,-8.771e+10,2
-2.5727e+10,7.4968e+09,-2.3411e+10,6.5308e+09,-2.4865e+10,4.6991e+09,-2.9897e+10,4.5826e+09,-3.0129e+10,4.7184e+09,-2.0467e+10,-3.4719e+09,-8.6566e+08,-1.936e+10,2.0499e+10,-3.6924e+10,3.6918e+10,-4.5692e+10,4.8639e+10,-4.623e+10,5.6597e+10,-4.1222e+10,6.1276e+10,-3.3279e+10,5.9482e+10,-2.9197e+10,5.0529e+10,-2.7291e+10,3.7045e+10,-2.0897e+10,2.7884e+10,-7.3033e+09,2.4164e+10,7.6206e+09,-1.6921e+09,-2.8027e+10,8.0307e+09,-3.3667e+10,1.8054e+10,-4.372e+10,3.2109e+10,-5.0805e+10,4.7725e+10,-5.4798e+10,5.1764e+10,-5.4888e+10,5.4829e+10,-5.0755e+10,5.7609e+10,-4.4239e+10,5.6277e+10,-3.9263e+10,5.1325e+10,-3.3911e+10,5.1876e+10,-5.1668e+10,5.4658e+10,-6.0872e+10,5.823e+10,-6.8796e+10,6.2026e+10,-7.598e+10,4.9327e+10,-5.5172e+10,5.2485e+10,-5.7166e+10,5.5704e+10,-5.8608e+10,5.5431e+10,-5.8862e+10,5.4117e+10,-5.9021e+10,1.3544e+10,-2.7533e+10,2.0195e+10,-2.4647e+10,2.1449e+10,-2.8081e+10,2.8938e+10,-3.7737e+10,2.4459e+10,-3.739e+10,2.258e+10,-3.4883e+10,4.8501e+10,-3.8355e+10,5.4698e+10,-2.8932e+10,5.3384e+10,-2.6058e+10,5.324e+10,-2.8631e+10,5.0892e+10,-3.5971e+10,5.1315e+10,-3.7893e+10,1.4657e+10,-5.6024e+10,4.0235e+10,-5.2193e+10,5.1525e+10,-5.3896e+10,5.5234e+10,-5.3853e+10,5.8303e+10,-5.4051e+10,5.7522e+10,-5.3594e+10,6.5313e+10,-6.0281e+10,5.5222e+10,-8.6441e+10,5.3108e+10,-1.0309e+11,5.1624e+10,-1.042e+11,4.8843e+10,-1.0134e+11,3.7797e+10,-8.101e+10,1.9395e+10,-5.8147e+10,5.0593e+10,-5.0674e+10,5.4966e+10,-5.0403e+10,5.7694e+10,-5.0913e+10,6.2314e+10,-6.119e+10,5.4905e+10,-1.0041e+11,5.2555e+10,-1.0158e+11,4.9181e+10,-9.7864e+10,2
-2.803e+10,-4.5633e+10,-2.3607e+10,-4.4852e+10,-1.838e+10,-4.3767e+10,-1.36e+10,-4.4305e+10,-1.009e+10,-4.0484e+10,-6.7472e+09,-3.8366e+10,7.5054e+09,-4.3191e+10,2.7988e+10,-5.9959e+10,4.2803e+10,-6.7162e+10,5.0331e+10,-7.083e+10,4.8226e+10,-7.1388e+10,3.6654e+10,-7.7233e+10,1.8672e+10,-8.4679e+10,5.9414e+09,-8.595e+10,-1.1366e+09,-7.6829e+10,-4.537e+09,-6.2934e+10,-9.6313e+09,-4.552e+10,1.9316e+10,-1.3519e+11,2.7203e+10,-1.4249e+11,3.2376e+10,-1.5959e+11,4.4142e+10,-1.7059e+11,5.5836e+10,-1.7641e+11,5.1882e+10,-1.7558e+11,4.7704e+10,-1.6947e+11,4.5033e+10,-1.5841e+11,3.563e+10,-1.467e+11,2.2106e+10,-1.3906e+11,5.7844e+10,-1.7658e+11,6.2789e+10,-1.9651e+11,6.8154e+10,-2.1485e+11,7.4343e+10,-2.3246e+11,6.9205e+10,-1.8632e+11,6.6744e+10,-1.9087e+11,6.5327e+10,-1.9655e+11,5.8629e+10,-1.9195e+11,4.9318e+10,-1.8991e+11,2.8103e+10,-1.31e+11,3.0682e+10,-1.3129e+11,2.9221e+10,-1.3834e+11,3.5352e+10,-1.5335e+11,3.4398e+10,-1.4904e+11,3.5384e+10,-1.4293e+11,4.2383e+10,-1.526e+11,4.3912e+10,-1.3836e+11,3.9382e+10,-1.3199e+11,3.4957e+10,-1.3181e+11,3.5069e+10,-1.4322e+11,3.8935e+10,-1.489e+11,6.0944e+10,-1.0207e+11,5.6436e+10,-1.5855e+11,6.1861e+10,-1.8203e+11,6.1007e+10,-1.8251e+11,5.8466e+10,-1.814e+11,4.7366e+10,-1.5804e+11,1.8763e+10,-1.0211e+11,4.3484e+10,-1.0206e+11,5.2818e+10,-1.0528e+11,5.5044e+10,-1.0554e+11,5.5903e+10,-1.0377e+11,5.2173e+10,-9.9506e+10,6.2025e+10,-1.1098e+11,6.1901e+10,-1.6692e+11,6.029e+10,-1.6992e+11,5.6646e+10,-1.667e+11,1.8316e+10,-1.1053e+11,5.4097e+10,-1.1405e+11,5.6485e+10,-1.1393e+11,5.7916e+10,-1.1193e+11,1
2.9666e+10,3.4877e+10,2.5481e+10,1.7918e+10,1.9684e+10,-1.5626e+08,4.3542e+09,-1.2761e+10,-1.9135e+10,-2.1414e+10,-3.9156e+10,-2.8396e+10,-5.3995e+10,-3.9331e+10,-6.7144e+10,-4.155e+10,-6.9209e+10,-3.8687e+10,-5.8948e+10,-2.6895e+10,-3.9065e+10,-5.6538e+09,-1.7169e+10,1.6544e+10,-6.1885e+09,3.0278e+10,-7.8243e+09,3.5765e+10,-1.0066e+10,3.8678e+10,-7.1125e+09,4.4312e+10,2.8014e+08,4.5379e+10,-2.1674e+10,1.0559e+11,-2.4498e+10,1.2138e+11,-3.173e+10,1.4033e+11,-4.3573e+10,1.4739e+11,-5.0832e+10,1.4355e+11,-5.4751e+10,1.5023e+11,-4.98e+10,1.5131e+11,-4.9215e+10,1.4281e+11,-4.313e+10,1.2712e+11,-2.5657e+10,1.1074e+11,-6.0451e+10,1.2006e+11,-6.6296e+10,1.2381e+11,-7.2284e+10,1.2705e+11,-7.9247e+10,1.3018e+11,-6.1805e+10,1.0294e+11,-6.7447e+10,1.0559e+11,-7.2701e+10,1.0811e+11,-7.2224e+10,1.0647e+11,-7.1009e+10,1.0606e+11,-3.2646e+10,9.098e+10,-3.5484e+10,8.994e+10,-3.4834e+10,9.3632e+10,-3.667e+10,1.0417e+11,-3.7322e+10,1.0425e+11,-3.8684e+10,1.0197e+11,-4.7323e+10,1.047e+11,-4.2907e+10,9.462e+10,-3.8215e+10,9.1225e+10,-3.448e+10,9.3149e+10,-3.6183e+10,1.0367e+11,-4.0938e+10,1.0559e+11,-6.971e+10,1.5052e+10,-5.1865e+10,8.1307e+10,-6.739e+10,1.0468e+11,-7.1484e+10,1.0547e+11,-7.2787e+10,1.0572e+11,-7.4661e+10,8.4401e+10,-3.7273e+10,2.1456e+10,-7.4064e+10,-4.2048e+10,-7.5882e+10,-7.6393e+10,-7.0238e+10,-8.108e+10,-6.333e+10,-7.9643e+10,-5.095e+10,-4.7717e+10,-6.7001e+10,1.9358e+10,-6.8482e+10,9.102e+10,-7.0953e+10,9.5018e+10,-7.1515e+10,9.309e+10,-4.103e+10,2.4462e+10,-7.4155e+10,-5.488e+10,-7.0365e+10,-5.9847e+10,-6.5363e+10,-5.8255e+10,2
1.9621e+10,-9.0694e+10,1.5669e+10,-8.9623e+10,1.0463e+10,-8.7707e+10,3.0153e+09,-8.3304e+10,-3.0227e+09,-7.315e+10,-1.4083e+10,-5.3532e+10,-3.4212e+10,-2.2385e+10,-5.0898e+10,8.2614e+09,-5.1066e+10,2.163e+10,-4.0449e+10,1.8251e+10,-2.5422e+10,5.0558e+09,-9.4094e+09,-1.1602e+10,1.0474e+10,-2.5112e+10,2.7915e+10,-3.9615e+10,3.3081e+10,-5.7182e+10,3.4985e+10,-7.7764e+10,3.9257e+10,-9.7169e+10,-4.1234e+10,-1.0127e+11,-5.8337e+10,-1.1131e+11,-6.3615e+10,-1.1728e+11,-6.8851e+10,-1.1993e+11,-7.4256e+10,-1.1513e+11,-6.0845e+10,-1.1642e+11,-4.9027e+10,-1.2142e+11,-3.5536e+10,-1.1869e+11,-2.278e+10,-1.0549e+11,-1.1671e+10,-9.5653e+10,-7.1612e+10,-1.0526e+11,-7.7367e+10,-1.0344e+11,-8.4241e+10,-1.0221e+11,-9.108e+10,-9.9222e+10,-9.6738e+10,-1.0901e+11,-8.7789e+10,-1.0348e+11,-7.7574e+10,-9.6664e+10,-6.1641e+10,-1.0319e+11,-4.5481e+10,-1.0828e+11,-4.8432e+10,-9.356e+10,-5.0789e+10,-9.3377e+10,-5.5229e+10,-9.2704e+10,-5.3685e+10,-9.6329e+10,-5.3974e+10,-1.0175e+11,-4.9018e+10,-1.0396e+11,-4.0878e+10,-9.6526e+10,-3.4344e+10,-9.3272e+10,-3.4423e+10,-9.4052e+10,-2.5706e+10,-9.3507e+10,-3.5854e+10,-1.0421e+11,-3.5041e+10,-1.0294e+11,-1.3398e+11,-1.1393e+11,-1.2738e+11,-1.1676e+11,-9.7777e+10,-1.0792e+11,-7.5724e+10,-1.0905e+11,-5.1469e+10,-1.0739e+11,-1.8953e+09,-1.1506e+11,2.8345e+10,-1.0873e+11,2.0666e+09,-1.5422e+10,-4.6097e+10,2.8776e+10,-7.2926e+10,3.2548e+10,-9.8555e+10,2.5738e+10,-1.2798e+11,-2.098e+10,-1.4157e+11,-1.0332e+11,-9.6188e+10,-1.1805e+11,-7.435e+10,-1.177e+11,-5.0638e+10,-1.1752e+11,3.3627e+10,-1.0008e+11,-4.7871e+10,2.8262e+10,-7.3777e+10,3.1648e+10,-9.8575e+10,2.518e+10,2
1.1943e+10,1.1096e+11,1.0009e+10,1.1975e+11,9.3596e+09,1.2804e+11,1.5755e+10,1.3418e+11,2.6765e+10,1.2824e+11,3.7694e+10,1.1941e+11,3.3204e+10,1.1778e+11,1.5665e+10,1.2938e+11,-8.1486e+09,1.3227e+11,-3.2427e+10,1.3345e+11,-4.8339e+10,1.305e+11,-4.9803e+10,1.3601e+11,-3.7785e+10,1.4664e+11,-2.4506e+10,1.5285e+11,-1.2201e+10,1.4479e+11,-7.3629e+09,1.2791e+11,-4.5129e+09,1.0673e+11,-7.3423e+09,2.1517e+11,-1.0528e+10,2.2087e+11,-1.1557e+10,2.4068e+11,-2.0757e+10,2.5675e+11,-3.245e+10,2.6696e+11,-3.0998e+10,2.6195e+11,-3.1548e+10,2.532e+11,-3.298e+10,2.3803e+11,-2.6066e+10,2.2183e+11,-1.8717e+10,2.1566e+11,-3.0881e+10,2.782e+11,-3.2585e+10,3.0811e+11,-3.4385e+10,3.3603e+11,-3.7048e+10,3.6185e+11,-3.2847e+10,3.1185e+11,-3.1499e+10,3.141e+11,-3.2594e+10,3.1746e+11,-3.116e+10,3.1506e+11,-2.5746e+10,3.1538e+11,-1.2193e+10,2.1586e+11,-1.3928e+10,2.1444e+11,-7.9397e+09,2.2336e+11,-1.7171e+10,2.4626e+11,-1.5676e+10,2.4381e+11,-2.0967e+10,2.3676e+11,-2.705e+10,2.4478e+11,-3.5525e+10,2.2322e+11,-2.9061e+10,2.1542e+11,-2.8257e+10,2.1573e+11,-2.1994e+10,2.3607e+11,-2.7814e+10,2.4325e+11,1.5928e+10,2.3905e+11,3.9446e+09,2.8878e+11,-1.6144e+10,3.0513e+11,-2.6281e+10,3.0621e+11,-3.6324e+10,3.03e+11,-4.6356e+10,2.8469e+11,-4.1174e+10,2.3242e+11,-4.2406e+10,2.1565e+11,-2.7666e+10,2.1569e+11,-1.8369e+10,2.1664e+11,-7.973e+09,2.1668e+11,1.1197e+10,2.1756e+11,1.729e+10,2.4401e+11,-1.6231e+10,2.9662e+11,-2.6092e+10,2.9855e+11,-3.4406e+10,2.9448e+11,-4.1749e+10,2.3834e+11,-3.0145e+10,2.1531e+11,-2.0317e+10,2.16e+11,-1.0013e+10,2.1533e+11,1
3.2553e+10,-8.5592e+10,2.9718e+10,-9.5592e+10,2.6396e+10,-1.0426e+11,2.139e+10,-1.116e+11,1.1797e+10,-1.124e+11,-2.0462e+09,-1.0627e+11,-1.3492e+10,-9.9837e+10,-1.777e+10,-9.535e+10,-1.3486e+10,-9.1095e+10,-6.0583e+09,-8.982e+10,-1.7789e+09,-9.0965e+10,-6.1165e+09,-9.5543e+10,-1.2717e+10,-1.0002e+11,-1.905e+10,-1.0176e+11,-2.3043e+10,-9.6549e+10,-2.3934e+10,-8.7752e+10,-2.5214e+10,-7.6489e+10,3.7515e+10,-9.4638e+10,3.6346e+10,-8.3231e+10,2.7074e+10,-8.3389e+10,1.9314e+10,-8.8946e+10,1.2739e+10,-9.6527e+10,6.2376e+09,-9.0606e+10,-1.8759e+09,-8.5131e+10,-9.8824e+09,-8.0557e+10,-1.948e+10,-8.0531e+10,-2.2787e+10,-9.0407e+10,4.481e+09,-1.1883e+11,3.4295e+09,-1.3218e+11,2.164e+09,-1.4517e+11,1.3158e+09,-1.5766e+11,4.6001e+09,-1.5653e+11,2.1724e+09,-1.5482e+11,7.5572e+08,-1.5413e+11,-1.0146e+08,-1.5355e+11,-3.3899e+09,-1.5488e+11,2.9182e+10,-1.0758e+11,2.5809e+10,-1.0261e+11,1.6998e+10,-1.0497e+11,1.4853e+10,-1.1715e+11,1.9229e+10,-1.1986e+11,2.8521e+10,-1.1849e+11,-4.71e+09,-1.1538e+11,-4.7075e+09,-1.0422e+11,-1.2038e+10,-1.0238e+11,-1.4193e+10,-1.058e+11,-1.5369e+10,-1.1595e+11,-7.5904e+09,-1.1813e+11,-2.4727e+10,-1.5066e+11,-2.1388e+10,-1.6129e+11,-1.1667e+10,-1.5819e+11,-5.7774e+09,-1.5911e+11,3.3594e+08,-1.5595e+11,8.2732e+09,-1.5562e+11,9.9406e+09,-1.4182e+11,6.9221e+09,-1.2071e+11,-3.6811e+09,-1.1371e+11,-9.2986e+09,-1.1414e+11,-1.5199e+10,-1.158e+11,-2.5358e+10,-1.2621e+11,-2.9978e+10,-1.4909e+11,-1.1736e+10,-1.6371e+11,-5.9513e+09,-1.634e+11,-7.0373e+08,-1.6108e+11,1.34e+10,-1.4168e+11,-2.1028e+09,-1.0549e+11,-8.3445e+09,-1.0567e+11,-1.458e+10,-1.074e+11,2
4.1096e+10,1.3673e+11,3.7352e+10,1.2087e+11,3.3548e+10,1.0386e+11,2.789e+10,8.8737e+10,1.5049e+10,6.6795e+10,7.3636e+09,3.9979e+10,1.8878e+09,5.1923e+09,-1.0447e+10,-1.2108e+10,-2.7003e+10,-1.6586e+10,-4.1029e+10,-1.6822e+09,-4.6555e+10,2.4994e+10,-4.6107e+10,6.0454e+10,-4.929e+10,9.0007e+10,-6.0684e+10,1.1152e+11,-6.1466e+10,1.2738e+11,-5.8391e+10,1.4438e+11,-5.4924e+10,1.5495e+11,4.122e+10,2.8396e+11,5.1348e+10,3.1944e+11,4.2822e+10,3.5635e+11,2.5043e+10,3.7312e+11,1.0298e+10,3.6788e+11,-8.1386e+09,3.7508e+11,-2.0845e+10,3.7774e+11,-3.942e+10,3.5959e+11,-4.7309e+10,3.2148e+11,-3.9169e+10,2.8646e+11,-4.8792e+09,3.3159e+11,-6.7569e+09,3.471e+11,-7.9307e+09,3.6141e+11,-1.0341e+10,3.7279e+11,1.3919e+10,3.1868e+11,9.838e+08,3.1916e+11,-1.4019e+10,3.1862e+11,-2.6985e+10,3.2127e+11,-3.8176e+10,3.2454e+11,2.9352e+10,2.5512e+11,2.5685e+10,2.5724e+11,2.8362e+10,2.6514e+11,1.6753e+10,2.8594e+11,2.0667e+10,2.8648e+11,1.7843e+10,2.818e+11,-2.5093e+10,2.8662e+11,-3.3549e+10,2.6684e+11,-2.9993e+10,2.5975e+11,-3.5487e+10,2.5808e+11,-2.3926e+10,2.8475e+11,-2.7377e+10,2.8948e+11,5.3619e+10,1.9014e+11,5.874e+10,2.8371e+11,1.176e+10,3.122e+11,-1.4459e+10,3.1407e+11,-4.0057e+10,3.1257e+11,-8.7244e+10,2.8568e+11,-7.5067e+10,1.9182e+11,-8.8171e+10,5.5709e+10,-4.3797e+10,-8.4526e+09,-1.2315e+10,-1.5377e+10,1.9741e+10,-9.142e+09,6.2785e+10,5.3718e+10,6.0114e+10,1.8981e+11,9.1917e+09,2.981e+11,-1.5219e+10,3.0313e+11,-3.8964e+10,2.9962e+11,-8.0968e+10,1.9195e+11,-4.1424e+10,1.6858e+10,-1.2473e+10,9.9971e+09,1.6815e+10,1.551e+10,1
3.2396e+10,2.8671e+10,3.0027e+10,1.7955e+10,2.5257e+10,7.614e+09,2.2029e+10,-2.2035e+09,1.8753e+10,-1.5869e+10,2.0683e+10,-3.4061e+10,2.6529e+10,-5.9042e+10,3.1286e+10,-7.5054e+10,3.0374e+10,-8.1104e+10,2.4147e+10,-7.5574e+10,1.5244e+10,-6.6537e+10,2.508e+09,-5.0108e+10,-9.8005e+09,-3.4464e+10,-2.6343e+10,-2.0477e+10,-3.6763e+10,-2.9206e+09,-4.3003e+10,2.0668e+10,-4.7958e+10,4.4451e+10,7.7816e+10,9.3151e+10,9.1902e+10,1.1964e+11,8.739e+10,1.3415e+11,8.0858e+10,1.3601e+11,7.5694e+10,1.2644e+11,6.1641e+10,1.3257e+11,4.3491e+10,1.401e+11,2.3127e+10,1.3683e+11,5.2186e+09,1.1675e+11,-3.4009e+09,9.2186e+10,6.5061e+10,9.5594e+10,6.7335e+10,9.3069e+10,7.0554e+10,9.0698e+10,7.3758e+10,8.6744e+10,7.6024e+10,6.3253e+10,7.048e+10,6.3309e+10,6.3555e+10,6.2462e+10,5.3695e+10,6.4671e+10,4.2593e+10,6.5642e+10,7.6915e+10,6.7045e+10,7.6982e+10,7.6516e+10,7.1932e+10,7.7915e+10,6.5201e+10,7.3733e+10,6.999e+10,7.0381e+10,7.5598e+10,6.929e+10,3.2495e+10,7.4837e+10,2.6272e+10,7.8647e+10,1.9399e+10,7.7019e+10,1.14e+10,6.8977e+10,1.9397e+10,7.211e+10,2.6381e+10,7.3059e+10,6.434e+10,-1.24e+09,7.9041e+10,3.8816e+10,6.7418e+10,5.45e+10,5.729e+10,5.4791e+10,4.5875e+10,5.578e+10,1.8666e+10,4.2185e+10,1.7761e+10,3.9289e+08,1.5779e+10,-6.4849e+10,3.9369e+10,-9.7167e+10,5.4165e+10,-1.0053e+11,6.7709e+10,-9.6434e+10,7.7627e+10,-6.4142e+10,6.5988e+10,-1.8462e+09,6.5327e+10,4.519e+10,5.6138e+10,4.7879e+10,4.5016e+10,4.7098e+10,1.6818e+10,5.4711e+08,4.2429e+10,-7.9672e+10,5.5229e+10,-8.2717e+10,6.6955e+10,-7.8834e+10,1
2.386e+10,-3.3139e+10,1.9724e+10,-2.6212e+10,1.1539e+10,-1.8256e+10,8.8487e+09,-9.9886e+09,1.7929e+10,-6.9927e+09,2.9169e+10,-3.7838e+09,2.6335e+10,1.0008e+10,1.9007e+10,3.2522e+10,1.4735e+10,3.9021e+10,9.9503e+09,3.334e+10,6.3525e+09,1.4401e+10,6.9438e+09,3.3699e+09,2.2493e+10,7.0545e+08,3.4746e+10,-4.2331e+09,3.3558e+10,-1.4915e+10,2.6926e+10,-2.7108e+10,2.4009e+10,-3.719e+10,1.3718e+10,7.8411e+09,9.0897e+09,7.2532e+09,8.7215e+09,6.9977e+09,6.75e+09,7.0397e+09,2.6556e+09,1.1524e+10,1.3887e+10,7.9059e+09,1.3682e+10,4.0853e+09,1.5389e+10,4.0413e+09,1.7781e+10,6.259e+09,1.7209e+10,7.8708e+09,6.4831e+09,2.1563e+10,4.9214e+09,3.2698e+10,3.2198e+09,4.3064e+10,1.6586e+09,5.3617e+10,-1.7909e+10,2.0391e+10,-5.4581e+09,2.5911e+10,5.8182e+09,3.3411e+10,1.8243e+10,2.6354e+10,3.1446e+10,2.1218e+10,1.6558e+10,6.0017e+09,1.8318e+10,1.4761e+10,1.3329e+10,1.8081e+10,1.0105e+10,1.3241e+10,1.1783e+10,2.8221e+09,1.8225e+10,-2.2769e+09,1.2887e+10,1.2249e+10,1.2509e+10,1.681e+10,8.035e+09,1.3374e+10,1.1103e+10,5.6127e+09,8.0623e+09,-2.4676e+09,1.3382e+10,2.0216e+09,-5.9213e+10,-3.3838e+10,-4.0859e+10,-8.4688e+09,-1.0969e+10,1.0916e+10,6.3706e+09,1.0056e+10,2.3629e+10,1.0552e+10,5.7677e+10,-8.902e+09,8.2392e+10,-3.6409e+10,6.102e+10,3.4086e+10,2.8994e+10,7.0913e+10,9.4228e+09,7.5289e+10,-1.0416e+10,7.117e+10,-4.0142e+10,3.5404e+10,-6.4767e+10,-2.1912e+10,-1.0676e+10,-4.498e+09,6.8502e+09,-2.7635e+09,2.4143e+10,-4.9686e+09,8.78e+10,-2.4271e+10,2.7825e+10,7.3645e+10,8.6284e+09,7.7748e+10,-1.1003e+10,7.3894e+10,2
2.1569e+10,1.1508e+11,1.9406e+10,9.3663e+10,1.9798e+10,7.0054e+10,8.5617e+09,5.1033e+10,-2.0351e+10,3.5456e+10,-4.8082e+10,2.0811e+10,-6.5184e+10,-4.03e+09,-8.2322e+10,-2.0588e+10,-9.2719e+10,-2.1489e+10,-8.9452e+10,-2.7787e+09,-7.3088e+10,3.5674e+10,-5.2048e+10,7.2094e+10,-4.9458e+10,9.4567e+10,-5.6665e+10,1.0834e+11,-5.2226e+10,1.1812e+11,-4.0701e+10,1.2813e+11,-2.8944e+10,1.2941e+11,-3.2234e+10,2.0866e+11,-3.252e+10,2.3135e+11,-4.1879e+10,2.6266e+11,-5.8868e+10,2.7796e+11,-7.0158e+10,2.7388e+11,-8.5135e+10,2.8264e+11,-8.159e+10,2.836e+11,-8.4953e+10,2.6707e+11,-7.8806e+10,2.3921e+11,-5.6451e+10,2.1496e+11,-8.4521e+10,2.417e+11,-9.0314e+10,2.4947e+11,-9.6192e+10,2.5637e+11,-1.0364e+11,2.6191e+11,-6.436e+10,2.3628e+11,-8.1548e+10,2.3549e+11,-9.8438e+10,2.3316e+11,-1.0892e+11,2.3675e+11,-1.1759e+11,2.4102e+11,-5.0332e+10,1.9266e+11,-5.6378e+10,1.8372e+11,-4.9311e+10,1.8906e+11,-5.3713e+10,2.1508e+11,-5.4397e+10,2.2294e+11,-6.3097e+10,2.2159e+11,-7.6502e+10,2.1605e+11,-7.6134e+10,1.9133e+11,-6.4814e+10,1.8692e+11,-6.3731e+10,1.9556e+11,-5.9385e+10,2.2364e+11,-7.1136e+10,2.251e+11,-1.3387e+10,1.5287e+11,-1.6777e+10,2.2611e+11,-7.0311e+10,2.4277e+11,-9.5376e+10,2.4486e+11,-1.1735e+11,2.4343e+11,-1.5544e+11,2.2852e+11,-1.3532e+11,1.5982e+11,-1.5602e+11,2.0092e+10,-1.2168e+11,-4.9986e+10,-9.3211e+10,-5.8625e+10,-6.2639e+10,-5.3436e+10,-1.3198e+10,1.3094e+10,-5.402e+09,1.4938e+11,-7.1851e+10,2.368e+11,-9.5204e+10,2.4061e+11,-1.1561e+11,2.3872e+11,-1.4411e+11,1.5507e+11,-1.1979e+11,-2.8182e+10,-9.3494e+10,-3.6962e+10,-6.5283e+10,-3.2248e+10,1
-3.3041e+10,-1.2856e+10,-2.9268e+10,-6.7024e+09,-2.5013e+10,-8.0179e+08,-2.0765e+10,3.8399e+09,-1.4583e+10,9.7595e+09,-7.5102e+09,1.3147e+10,4.1134e+09,1.4168e+10,1.7514e+10,7.1719e+09,2.6407e+10,2.9665e+09,3.0922e+10,-1.3692e+09,3.0981e+10,-4.6922e+09,2.8721e+10,-1.0994e+10,2.3907e+10,-1.77e+10,2.2197e+10,-2.1491e+10,2.0217e+10,-2.1939e+10,1.8516e+10,-2.1427e+10,1.6418e+10,-1.9241e+10,-1.5686e+10,-7.7936e+10,-1.3526e+10,-9.2014e+10,-6.0787e+09,-1.0636e+11,5.5461e+09,-1.1242e+11,1.6444e+10,-1.1157e+11,2.0444e+10,-1.1441e+11,2.4619e+10,-1.1399e+11,3.0312e+10,-1.0735e+11,3.1579e+10,-9.5135e+10,2.5985e+10,-8.1653e+10,2.3016e+10,-9.7364e+10,2.5805e+10,-1.0482e+11,2.8737e+10,-1.1143e+11,3.2079e+10,-1.1728e+11,2.4821e+10,-8.589e+10,2.6661e+10,-8.8751e+10,2.9072e+10,-9.1576e+10,2.8683e+10,-9.0156e+10,2.7667e+10,-8.9279e+10,-6.4566e+09,-6.6034e+10,-3.3043e+09,-6.8728e+10,-9.5004e+08,-7.2599e+10,5.1938e+09,-7.8498e+10,2.094e+09,-7.5317e+10,-7.2958e+08,-7.2038e+10,2.4163e+10,-7.893e+10,2.7023e+10,-7.3166e+10,2.7406e+10,-6.9564e+10,2.7478e+10,-6.7566e+10,2.5535e+10,-7.3658e+10,2.4607e+10,-7.6435e+10,2.3908e+10,-2.7439e+10,2.0766e+10,-6.4754e+10,2.7643e+10,-8.1583e+10,2.9735e+10,-8.1759e+10,3.1004e+10,-8.2156e+10,3.1506e+10,-6.692e+10,1.7175e+10,-3.0814e+10,3.0331e+10,-1.7494e+10,3.0263e+10,-1.2042e+10,2.7827e+10,-1.1018e+10,2.4813e+10,-1.0581e+10,1.9488e+10,-1.4077e+10,2.5511e+10,-3.2141e+10,2.8114e+10,-7.0057e+10,2.9643e+10,-7.2366e+10,3.0397e+10,-7.1135e+10,1.6406e+10,-3.4894e+10,2.9941e+10,-2.3029e+10,2.8189e+10,-2.1947e+10,2.5991e+10,-2.1211e+10,2
-2.3878e+09,-5.3117e+10,-2.9736e+09,-5.4409e+10,-5.8329e+09,-5.5557e+10,-1.19e+10,-5.4688e+10,-1.6013e+10,-4.9606e+10,-1.8357e+10,-4.3333e+10,-1.8546e+10,-3.617e+10,-1.4678e+10,-3.164e+10,-4.8707e+09,-2.9808e+10,7.57e+09,-3.1687e+10,1.9026e+10,-3.5188e+10,2.7358e+10,-4.0071e+10,3.3111e+10,-4.5699e+10,3.486e+10,-5.1893e+10,2.9763e+10,-5.5442e+10,2.6058e+10,-5.6063e+10,2.579e+10,-5.4934e+10,-1.4754e+10,-8.5745e+10,-1.7543e+10,-9.2548e+10,-1.5872e+10,-1.018e+11,-1.1413e+10,-1.0814e+11,-6.0831e+09,-1.0933e+11,7.9613e+08,-1.091e+11,6.5877e+09,-1.0818e+11,1.3133e+10,-1.0219e+11,1.6526e+10,-9.2484e+10,1.7859e+10,-8.5735e+10,-3.7426e+09,-1.0609e+11,-4.7874e+09,-1.134e+11,-5.9707e+09,-1.2016e+11,-6.9096e+09,-1.256e+11,-1.5192e+10,-1.1492e+11,-1.029e+10,-1.1361e+11,-4.5e+09,-1.1171e+11,1.8985e+09,-1.1425e+11,7.3531e+09,-1.1658e+11,-1.1154e+10,-8.2925e+10,-9.3065e+09,-8.1154e+10,-1.1856e+10,-8.3508e+10,-7.1125e+09,-9.2552e+10,-9.0233e+09,-9.4588e+10,-6.558e+09,-9.3561e+10,6.6482e+09,-9.2635e+10,1.2908e+10,-8.4062e+10,1.1093e+10,-8.215e+10,1.4442e+10,-8.3277e+10,8.4202e+09,-9.3923e+10,1.0125e+10,-9.5158e+10,-5.2664e+10,-1.0766e+11,-3.7778e+10,-1.1435e+11,-1.7455e+10,-1.133e+11,-5.0291e+09,-1.1395e+11,8.0187e+09,-1.1279e+11,3.0252e+10,-1.1347e+11,4.5313e+10,-1.0609e+11,3.0424e+10,-7.3696e+10,6.9318e+09,-6.1156e+10,-6.4827e+09,-6.0097e+10,-2.0096e+10,-6.1888e+10,-4.0117e+10,-7.4208e+10,-5.4372e+10,-1.046e+11,-1.7156e+10,-1.1541e+11,-4.6011e+09,-1.154e+11,7.8183e+09,-1.1492e+11,4.6602e+10,-1.0351e+11,7.2882e+09,-6.0014e+10,-6.1725e+09,-5.9093e+10,-1.9669e+10,-6.0306e+10,2
-2.8719e+10,-2.5983e+10,-2.6658e+10,-2.3498e+10,-2.8124e+10,-2.1613e+10,-3.3294e+10,-1.7899e+10,-3.2714e+10,-1.1906e+10,-2.4838e+10,-1.1e+10,-1.0354e+10,-1.3312e+10,7.0321e+09,-1.9929e+10,2.3975e+10,-2.4365e+10,3.8964e+10,-2.7763e+10,5.089e+10,-2.9572e+10,6.0086e+10,-3.0882e+10,6.4514e+10,-3.4424e+10,6.2999e+10,-3.932e+10,5.2791e+10,-4.0742e+10,4.4967e+10,-3.6955e+10,4.2584e+10,-3.112e+10,-2.4021e+10,-8.2847e+10,-2.1011e+10,-9.7098e+10,-1.1041e+10,-1.1307e+11,3.8097e+09,-1.2196e+11,1.9576e+10,-1.2284e+11,2.9834e+10,-1.2482e+11,3.8702e+10,-1.2329e+11,4.8495e+10,-1.1459e+11,5.2992e+10,-1.0112e+11,5.0883e+10,-8.7488e+10,2.7021e+10,-1.0998e+11,2.8404e+10,-1.1899e+11,3.0126e+10,-1.2683e+11,3.2179e+10,-1.3317e+11,1.6176e+10,-1.079e+11,2.3063e+10,-1.087e+11,3.0588e+10,-1.0847e+11,3.6129e+10,-1.1063e+11,4.0785e+10,-1.1226e+11,-9.6355e+09,-7.4574e+10,-3.4041e+09,-7.3202e+10,-2.5927e+09,-7.7131e+10,6.7067e+09,-8.8181e+10,1.3911e+09,-8.8636e+10,4.7744e+07,-8.6231e+10,3.6189e+10,-8.9058e+10,4.4879e+10,-7.8331e+10,4.425e+10,-7.499e+10,4.7444e+10,-7.6166e+10,4.1122e+10,-8.7999e+10,4.1035e+10,-9.0016e+10,-2.5982e+10,-9.0167e+10,-2.7941e+09,-1.0051e+11,1.9785e+10,-1.0486e+11,3.149e+10,-1.0525e+11,4.3121e+10,-1.0516e+11,6.0342e+10,-1.0223e+11,7.2855e+10,-9.3749e+10,5.9485e+10,-7.8301e+10,4.0631e+10,-7.472e+10,2.8953e+10,-7.387e+10,1.6398e+10,-7.3647e+10,-5.3137e+09,-7.4043e+10,-2.3807e+10,-8.9841e+10,1.9734e+10,-1.014e+11,3.1735e+10,-1.0188e+11,4.2745e+10,-1.0197e+11,7.1755e+10,-9.277e+10,4.1309e+10,-7.707e+10,2.9511e+10,-7.64e+10,1.7063e+10,-7.5208e+10,2
-2.2486e+10,4.4432e+10,-1.8897e+10,3.7311e+10,-1.3624e+10,2.9009e+10,-1.3576e+10,2.1119e+10,-2.1215e+10,1.6145e+10,-2.6257e+10,7.1927e+09,-1.6967e+10,-1.3516e+10,-4.6421e+09,-3.93e+10,2.4486e+09,-4.8197e+10,7.9048e+09,-4.2577e+10,1.1733e+10,-2.3786e+10,1.1824e+10,-8.6163e+09,-1.6659e+09,-1.5531e+09,-1.5891e+10,5.7064e+09,-2.0124e+10,1.8368e+10,-1.833e+10,3.4943e+10,-1.7464e+10,4.978e+10,-2.9326e+09,1.8203e+10,5.8128e+09,2.1104e+10,8.8282e+09,2.1936e+10,1.3466e+10,2.1243e+10,2.0492e+10,1.5698e+10,1.0988e+10,1.9166e+10,9.9935e+09,2.4002e+10,6.8386e+09,2.4343e+10,2.8792e+09,1.9777e+10,1.6275e+09,1.613e+10,1.7332e+10,4.9116e+09,1.9572e+10,-5.0066e+09,2.2321e+10,-1.4011e+10,2.4927e+10,-2.3299e+10,3.747e+10,2.8584e+09,2.7703e+10,-2.0617e+09,1.8527e+10,-8.4159e+09,7.1759e+09,-2.744e+09,-4.9685e+09,1.5204e+09,-6.3042e+08,1.6078e+10,1.0597e+08,1.1072e+10,4.515e+09,8.2261e+09,8.08e+09,1.0507e+10,5.8365e+09,1.8454e+10,1.3337e+08,2.2663e+10,7.3976e+09,1.1119e+10,8.5077e+09,9.067e+09,1.1499e+10,1.1884e+10,8.0935e+09,1.6305e+10,1.1272e+10,2.2784e+10,7.3416e+09,1.9264e+10,6.1146e+10,2.9005e+10,5.6854e+10,2.1486e+10,3.2817e+10,9.3362e+09,1.7693e+10,1.0211e+10,2.3299e+09,9.5847e+09,-3.0164e+10,2.1502e+10,-4.5954e+10,2.9377e+10,-3.3719e+10,-4.9415e+10,-4.0819e+09,-9.067e+10,1.4244e+10,-9.5132e+10,3.2294e+10,-9.0163e+10,5.5883e+10,-4.8437e+10,6.7797e+10,1.9034e+10,3.1927e+10,2.0639e+10,1.7089e+10,1.9974e+10,1.7904e+09,2.1058e+10,-5.1728e+10,1.9816e+10,-2.2505e+09,-8.901e+10,1.5188e+10,-9.3258e+10,3.2549e+10,-8.8285e+10,1
-2.1929e+10,-3.3993e+10,-1.9922e+10,-2.3286e+10,-1.9555e+10,-1.2123e+10,-1.5193e+10,-2.6507e+09,-1.9209e+09,4.8069e+09,1.3394e+10,9.2784e+09,2.6063e+10,1.6552e+10,3.8166e+10,1.9713e+10,4.5562e+10,1.7878e+10,4.6304e+10,9.6102e+09,4.1578e+10,-5.2336e+09,3.579e+10,-1.8631e+10,3.6247e+10,-2.7256e+10,3.9283e+10,-3.316e+10,3.5777e+10,-3.7731e+10,2.9632e+10,-4.173e+10,2.4607e+10,-4.2292e+10,1.1032e+09,-8.3398e+10,2.5674e+09,-9.7542e+10,1.0371e+10,-1.1354e+11,2.2103e+10,-1.2064e+11,3.1619e+10,-1.1806e+11,4.0612e+10,-1.2296e+11,4.2474e+10,-1.2378e+11,4.7204e+10,-1.1606e+11,4.7208e+10,-1.0218e+11,3.821e+10,-8.7849e+10,4.0397e+10,-9.8716e+10,4.3357e+10,-1.0178e+11,4.6493e+10,-1.0427e+11,5.025e+10,-1.0599e+11,3.0849e+10,-8.9259e+10,3.9278e+10,-8.9663e+10,4.7555e+10,-8.9098e+10,5.2585e+10,-9.0852e+10,5.7102e+10,-9.2483e+10,1.3213e+10,-7.2931e+10,1.7677e+10,-7.0124e+10,1.6819e+10,-7.2819e+10,2.1146e+10,-8.3384e+10,1.9374e+10,-8.5809e+10,2.0632e+10,-8.481e+10,4.0223e+10,-8.4265e+10,4.1971e+10,-7.4096e+10,3.8725e+10,-7.1812e+10,3.9181e+10,-7.4763e+10,3.6463e+10,-8.6479e+10,3.9601e+10,-8.7258e+10,7.6154e+09,-5.1845e+10,1.3253e+10,-8.1914e+10,3.6832e+10,-9.0669e+10,4.7663e+10,-9.1383e+10,5.7163e+10,-9.1402e+10,7.3187e+10,-8.4309e+10,6.669e+10,-5.7069e+10,7.3314e+10,-5.0487e+09,5.8803e+10,2.0736e+10,4.6722e+10,2.4276e+10,3.363e+10,2.2784e+10,1.195e+10,-2.1256e+08,6.1511e+09,-5.112e+10,3.7406e+10,-8.599e+10,4.7645e+10,-8.7711e+10,5.6544e+10,-8.7357e+10,6.9093e+10,-5.5401e+10,5.7989e+10,1.0016e+10,4.6827e+10,1.3541e+10,3.4738e+10,1.2462e+10,2
-1.3489e+10,-1.6248e+10,-1.1918e+10,-1.0867e+10,-1.0711e+10,-5.2317e+09,-7.2329e+09,-8.7262e+08,4.4897e+07,2.6066e+09,7.9287e+09,4.4224e+09,1.5581e+10,6.6813e+09,2.3286e+10,5.7397e+09,2.7393e+10,3.8399e+09,2.7134e+10,-3.685e+08,2.3169e+10,-7.2102e+09,1.7864e+10,-1.3936e+10,1.5097e+10,-1.8448e+10,1.4814e+10,-2.0754e+10,1.2993e+10,-2.1432e+10,1.017e+10,-2.1654e+10,7.1868e+09,-1.9993e+10,4.7793e+09,-4.7309e+10,6.6875e+09,-5.4159e+10,1.0754e+10,-6.2833e+10,1.7181e+10,-6.6837e+10,2.2417e+10,-6.617e+10,2.535e+10,-6.8426e+10,2.4983e+10,-6.8186e+10,2.6101e+10,-6.3831e+10,2.4502e+10,-5.685e+10,1.8351e+10,-4.9857e+10,2.6545e+10,-5.7365e+10,2.8686e+10,-6.0464e+10,3.0969e+10,-6.3161e+10,3.3626e+10,-6.5558e+10,2.4816e+10,-5.3061e+10,2.7915e+10,-5.3969e+10,3.0975e+10,-5.4637e+10,3.1775e+10,-5.458e+10,3.211e+10,-5.4824e+10,1.1079e+10,-4.2091e+10,1.3241e+10,-4.1031e+10,1.2912e+10,-4.2921e+10,1.5127e+10,-4.8757e+10,1.4441e+10,-4.9126e+10,1.4918e+10,-4.8003e+10,2.3296e+10,-4.9062e+10,2.3522e+10,-4.3457e+10,2.1604e+10,-4.1795e+10,2.0861e+10,-4.3016e+10,2.0302e+10,-4.8782e+10,2.2108e+10,-4.9727e+10,1.7429e+10,-2.4984e+10,1.7454e+10,-4.6031e+10,2.6941e+10,-5.338e+10,3.0529e+10,-5.3711e+10,3.3198e+10,-5.3704e+10,3.687e+10,-4.7189e+10,2.8184e+10,-2.7603e+10,3.6437e+10,-6.0556e+09,3.3444e+10,4.6578e+09,2.9518e+10,6.2113e+09,2.4973e+10,5.893e+09,1.6577e+10,-3.431e+09,1.6996e+10,-2.6122e+10,2.72e+10,-4.8975e+10,3.0381e+10,-5.0195e+10,3.2696e+10,-4.9651e+10,2.9171e+10,-2.8188e+10,3.3155e+10,-1.7811e+09,2.9708e+10,-1.6862e+08,2.5712e+10,-3.3866e+08,2
-4.9721e+10,-4.3154e+10,-4.4901e+10,-3.2497e+10,-4.174e+10,-2.2122e+10,-3.9123e+10,-1.2491e+10,-2.9195e+10,-7.1587e+08,-1.5167e+10,6.4268e+09,4.3257e+09,1.1975e+10,2.692e+10,6.4874e+09,4.5093e+10,1.2786e+09,5.7164e+10,-7.3814e+09,6.2334e+10,-1.745e+10,6.3914e+10,-3.0126e+10,6.3348e+10,-4.2316e+10,6.3874e+10,-5.1486e+10,5.7096e+10,-5.5861e+10,5.0401e+10,-5.7261e+10,4.622e+10,-5.4969e+10,-2.9924e+10,-1.4775e+11,-2.7868e+10,-1.7322e+11,-1.4363e+10,-1.9973e+11,6.5377e+09,-2.1191e+11,2.6388e+10,-2.1006e+11,3.8948e+10,-2.1541e+11,4.8706e+10,-2.1518e+11,6.1422e+10,-2.023e+11,6.6002e+10,-1.7885e+11,5.7991e+10,-1.5421e+11,3.91e+10,-1.8336e+11,4.2756e+10,-1.9515e+11,4.6635e+10,-2.0551e+11,5.1252e+10,-2.1407e+11,3.0647e+10,-1.683e+11,3.8974e+10,-1.7101e+11,4.821e+10,-1.728e+11,5.3435e+10,-1.7356e+11,5.7553e+10,-1.7442e+11,-1.1663e+10,-1.2834e+11,-4.7508e+09,-1.2956e+11,-2.7546e+09,-1.3578e+11,8.7577e+09,-1.4984e+11,2.8388e+09,-1.4821e+11,3.3173e+08,-1.439e+11,4.7377e+10,-1.5095e+11,5.5102e+10,-1.3731e+11,5.4251e+10,-1.3174e+11,5.6755e+10,-1.311e+11,5.0256e+10,-1.4681e+11,5.0309e+10,-1.5049e+11,9.7291e+08,-9.2123e+10,1.0109e+10,-1.4285e+11,3.6848e+10,-1.6309e+11,4.9527e+10,-1.6376e+11,6.1179e+10,-1.6397e+11,7.9143e+10,-1.4633e+11,7.1473e+10,-9.8117e+10,7.8095e+10,-5.2497e+10,6.0514e+10,-3.2927e+10,4.6609e+10,-3.0049e+10,3.1577e+10,-3.0698e+10,7.3492e+09,-4.6363e+10,2.2516e+09,-9.5277e+10,3.7639e+10,-1.4984e+11,4.9681e+10,-1.5282e+11,6.0326e+10,-1.5154e+11,7.1533e+10,-1.0028e+11,6.0027e+10,-4.8215e+10,4.7136e+10,-4.5404e+10,3.3357e+10,-4.5183e+10,2
5.142e+10,-2.6096e+10,4.45e+10,-4.6662e+10,3.2981e+10,-6.7416e+10,1.1936e+10,-8.1211e+10,-1.4041e+10,-8.9151e+10,-3.536e+10,-9.3543e+10,-5.2871e+10,-9.9656e+10,-6.5749e+10,-9.5065e+10,-6.242e+10,-8.946e+10,-4.6161e+10,-7.9165e+10,-2.25e+10,-6.4443e+10,-1.0537e+09,-4.6818e+10,1.2111e+10,-3.5486e+10,9.2598e+09,-3.2477e+10,4.3639e+08,-2.9076e+10,-2.2691e+09,-1.9426e+10,2.3391e+09,-1.1765e+10,4.3043e+09,4.6616e+10,1.5045e+09,6.7373e+10,-8.597e+09,8.3548e+10,-2.2004e+10,8.5491e+10,-3.0465e+10,7.7883e+10,-3.2511e+10,8.664e+10,-3.1292e+10,9.0523e+10,-3.3757e+10,8.6383e+10,-3.2452e+10,7.2858e+10,-1.8127e+10,5.2712e+10,-4.2325e+10,4.6004e+10,-4.8764e+10,4.3897e+10,-5.5317e+10,4.1521e+10,-6.2499e+10,3.9627e+10,-5.4241e+10,5.2271e+09,-5.5484e+10,1.0592e+10,-5.618e+10,1.6174e+10,-5.1202e+10,1.192e+10,-4.687e+10,8.602e+09,-6.332e+09,2.3741e+10,-8.6247e+09,2.9854e+10,-1.4741e+10,3.2587e+10,-1.7e+10,3.1554e+10,-1.5726e+10,2.5991e+10,-9.6496e+09,2.3132e+10,-3.2442e+10,3.2553e+10,-2.629e+10,3.3277e+10,-2.7918e+10,3.0335e+10,-2.4116e+10,2.6515e+10,-2.8493e+10,2.5948e+10,-2.6579e+10,2.7876e+10,-1.0578e+11,-1.0245e+11,-7.1162e+10,-3.0175e+10,-6.6006e+10,2.651e+09,-5.8632e+10,2.5815e+09,-4.8482e+10,4.827e+09,-3.2057e+10,-2.4288e+10,1.9182e+10,-9.2974e+10,-3.1524e+10,-1.2388e+11,-5.3252e+10,-1.4443e+11,-5.9195e+10,-1.4799e+11,-6.4476e+10,-1.4838e+11,-7.2947e+10,-1.3083e+11,-1.0701e+11,-9.2935e+10,-6.7289e+10,-1.9721e+10,-5.8066e+10,-1.471e+10,-4.7754e+10,-1.6337e+10,1.8714e+10,-8.521e+10,-5.0554e+10,-1.1596e+11,-5.8829e+10,-1.1979e+11,-6.632e+10,-1.1971e+11,2
-7.4131e+09,-8.3738e+09,-8.2672e+09,3.9724e+09,-1.1133e+10,1.651e+10,-9.8976e+09,2.8503e+10,1.6927e+09,3.5953e+10,1.4742e+10,4.2382e+10,1.6261e+10,5.8141e+10,1.2867e+10,7.6954e+10,1.0043e+10,8.1556e+10,6.7639e+09,7.4662e+10,5.4263e+09,5.7902e+10,1.0608e+10,4.5317e+10,2.6941e+10,3.9016e+10,4.2557e+10,3.1168e+10,4.5752e+10,1.6413e+10,4.2783e+10,-2.2239e+09,4.2192e+10,-1.9873e+10,-2.7189e+10,-4.9745e+09,-3.4093e+10,-1.9039e+10,-2.8996e+10,-2.5748e+10,-2.4288e+10,-2.549e+10,-2.2032e+10,-1.6862e+10,-6.9867e+09,-2.3622e+10,1.4255e+09,-3.0304e+10,1.2107e+10,-2.9743e+10,2.2361e+10,-2.0224e+10,2.465e+10,-6.5494e+09,-1.2473e+10,8.8285e+09,-1.3532e+10,2.0717e+10,-1.4887e+10,3.2016e+10,-1.62e+10,4.3883e+10,-3.3346e+10,3.1106e+10,-2.1539e+10,3.4154e+10,-1.0405e+10,3.9241e+10,1.8347e+09,3.3464e+10,1.567e+10,2.9965e+10,-2.0837e+10,7.3444e+09,-1.8042e+10,8.9677e+09,-1.7097e+10,1.111e+10,-1.5841e+10,1.1671e+10,-1.7868e+10,6.377e+09,-1.8137e+10,3.0557e+09,4.9374e+09,1.0001e+10,6.9434e+09,9.6423e+09,8.0428e+09,7.605e+09,1.3347e+10,5.6937e+09,8.8055e+09,1.0383e+09,8.0696e+09,4.2831e+09,-5.1079e+10,1.8058e+10,-4.3626e+10,2.2058e+10,-2.022e+10,2.7962e+10,-6.0069e+09,2.7501e+10,8.3305e+09,2.6529e+10,3.8992e+10,1.8642e+10,5.4535e+10,1.2425e+10,4.2538e+10,7.9161e+10,1.534e+10,1.1452e+11,-2.0425e+09,1.1902e+11,-1.925e+10,1.1536e+11,-4.1647e+10,8.2146e+10,-5.3774e+10,2.5747e+10,-1.9284e+10,2.2972e+10,-5.2731e+09,2.2977e+10,9.1896e+09,2.1073e+10,5.7596e+10,2.0584e+10,1.3027e+10,1.0701e+11,-3.1819e+09,1.1115e+11,-1.9461e+10,1.0781e+11,2
5.5021e+10,6.4167e+10,4.952e+10,5.27e+10,4.1196e+10,4.1537e+10,3.5784e+10,3.156e+10,3.1274e+10,1.3829e+10,3.1936e+10,-7.581e+09,2.8678e+10,-3.1342e+10,1.954e+10,-3.7184e+10,7.1774e+09,-3.8911e+10,-6.785e+09,-3.0731e+10,-1.7474e+10,-2.1412e+10,-2.5772e+10,-3.3747e+08,-2.8178e+10,2.1631e+10,-3.762e+10,3.8134e+10,-4.3384e+10,5.1327e+10,-4.7547e+10,6.7349e+10,-4.9831e+10,8.1272e+10,7.6038e+10,1.9702e+11,8.6297e+10,2.3143e+11,7.7553e+10,2.5931e+11,6.1953e+10,2.692e+11,4.7559e+10,2.6293e+11,3.4127e+10,2.6884e+11,1.5903e+10,2.728e+11,-5.6194e+09,2.6141e+11,-1.9728e+10,2.31e+11,-2.0967e+10,1.9857e+11,3.4486e+10,2.2948e+11,3.3917e+10,2.4089e+11,3.41e+10,2.5133e+11,3.3732e+10,2.5939e+11,3.9929e+10,2.0159e+11,3.5254e+10,2.0461e+11,2.8246e+10,2.0734e+11,2.1362e+10,2.0694e+11,1.4934e+10,2.0682e+11,6.8711e+10,1.6558e+11,6.6759e+10,1.7617e+11,6.2173e+10,1.8263e+11,4.9932e+10,1.8861e+11,5.6298e+10,1.8204e+11,6.1905e+10,1.7661e+11,7.3856e+09,1.8934e+11,-1.5327e+09,1.8348e+11,-6.2149e+09,1.7727e+11,-1.2554e+10,1.6824e+11,-3.1115e+09,1.7994e+11,2.1986e+09,1.8493e+11,3.6886e+10,7.6566e+10,5.3288e+10,1.5639e+11,3.5641e+10,1.8864e+11,2.4168e+10,1.8928e+11,1.2242e+10,1.8956e+11,-1.1887e+10,1.5966e+11,3.213e+09,7.8173e+10,-1.2411e+10,7.8308e+09,9.2869e+09,-2.4261e+10,2.4921e+10,-2.7608e+10,4.0089e+10,-2.4332e+10,5.4816e+10,6.9654e+09,3.7733e+10,8.1615e+10,3.3362e+10,1.6868e+11,2.3325e+10,1.7349e+11,1.2492e+10,1.7053e+11,2.7249e+09,8.3785e+10,1.1639e+10,-1.0484e+08,2.5074e+10,-3.3255e+09,3.7945e+10,-5.2701e+08,1
1.0934e+11,1.1505e+11,9.7758e+10,7.9631e+10,8.6423e+10,4.3502e+10,6.6888e+10,1.392e+10,2.8438e+10,-1.6459e+10,-1.0632e+10,-4.0445e+10,-5.0887e+10,-6.8714e+10,-9.4737e+10,-6.9464e+10,-1.2384e+11,-6.1615e+10,-1.3382e+11,-3.5323e+10,-1.249e+11,4.2591e+09,-1.0953e+11,5.0985e+10,-1.0209e+11,8.8032e+10,-1.0999e+11,1.1185e+11,-1.0538e+11,1.2701e+11,-9.4384e+10,1.4228e+11,-8.2388e+10,1.4742e+11,4.48e+10,3.5836e+11,4.3958e+10,4.1917e+11,1.6273e+10,4.8153e+11,-2.7511e+10,5.0737e+11,-6.4781e+10,4.9809e+11,-9.1674e+10,5.1426e+11,-1.0647e+11,5.1722e+11,-1.3073e+11,4.8854e+11,-1.3673e+11,4.3196e+11,-1.1034e+11,3.7225e+11,-9.5943e+10,4.2686e+11,-1.0616e+11,4.4757e+11,-1.1652e+11,4.657e+11,-1.2896e+11,4.8052e+11,-8.0253e+10,3.8013e+11,-1.0019e+11,3.8637e+11,-1.2156e+11,3.9083e+11,-1.3246e+11,3.9131e+11,-1.4128e+11,3.9281e+11,7.451e+09,3.0793e+11,-5.2641e+09,3.1108e+11,-8.3386e+09,3.2434e+11,-2.8942e+10,3.5508e+11,-1.9735e+10,3.5231e+11,-1.6527e+10,3.4349e+11,-1.0548e+11,3.575e+11,-1.1448e+11,3.2779e+11,-1.1013e+11,3.1575e+11,-1.1273e+11,3.1464e+11,-1.0203e+11,3.5018e+11,-1.053e+11,3.5775e+11,-4.4506e+10,1.6228e+11,-3.6422e+10,3.1498e+11,-9.6746e+10,3.7183e+11,-1.2389e+11,3.738e+11,-1.4721e+11,3.7442e+11,-1.8642e+11,3.2383e+11,-1.3976e+11,1.7735e+11,-1.8529e+11,2.1678e+10,-1.5137e+11,-5.3666e+10,-1.1928e+11,-6.3771e+10,-8.4678e+10,-5.9744e+10,-3.1673e+10,7.7012e+09,-4.2525e+10,1.7033e+11,-9.9683e+10,3.3693e+11,-1.2398e+11,3.4604e+11,-1.4493e+11,3.4191e+11,-1.4436e+11,1.8302e+11,-1.4801e+11,-4.9898e+09,-1.1986e+11,-1.5175e+10,-8.9564e+10,-1.2346e+10,1
-3.3396e+10,-9.7945e+10,-3.0016e+10,-8.4665e+10,-2.4229e+10,-7.0518e+10,-1.6701e+10,-5.8711e+10,-7.0478e+09,-4.0952e+10,-5.3921e+09,-1.6755e+10,-6.8253e+09,1.4895e+10,-3.2237e+09,3.1183e+10,4.4473e+09,3.6612e+10,1.1965e+10,2.5608e+10,1.4376e+10,5.8727e+09,1.3543e+10,-2.358e+10,1.5191e+10,-4.8557e+10,2.6816e+10,-6.6103e+10,3.3633e+10,-8.0608e+10,3.6306e+10,-9.9087e+10,3.5939e+10,-1.1362e+11,-4.3815e+10,-2.1325e+11,-5.5286e+10,-2.4216e+11,-5.0838e+10,-2.6869e+11,-4.0214e+10,-2.79e+11,-3.235e+10,-2.7287e+11,-1.9778e+10,-2.7885e+11,-8.718e+09,-2.8276e+11,6.86e+09,-2.7096e+11,1.5313e+10,-2.4163e+11,1.1692e+10,-2.1347e+11,-2.1021e+10,-2.4289e+11,-2.0285e+10,-2.5252e+11,-2.0408e+10,-2.6156e+11,-1.9701e+10,-2.6853e+11,-3.1005e+10,-2.252e+11,-2.3703e+10,-2.2611e+11,-1.4562e+10,-2.2663e+11,-5.8517e+09,-2.2748e+11,2.0035e+09,-2.2894e+11,-3.9565e+10,-1.8715e+11,-3.9066e+10,-1.9272e+11,-3.9439e+10,-1.9825e+11,-3.1635e+10,-2.0879e+11,-3.4217e+10,-2.0682e+11,-3.3872e+10,-2.0308e+11,-1.8816e+09,-2.0917e+11,3.0902e+09,-1.9917e+11,2.8241e+09,-1.9399e+11,7.3965e+09,-1.8933e+11,-7.5581e+08,-2.0544e+11,-4.7005e+08,-2.0921e+11,-3.8202e+10,-1.0872e+11,-5.6371e+10,-1.9081e+11,-2.9228e+10,-2.1792e+11,-1.3069e+10,-2.1916e+11,2.9121e+09,-2.1839e+11,3.501e+10,-1.9258e+11,1.7665e+10,-1.0902e+11,3.6254e+10,-3.189e+09,7.5445e+09,4.7946e+10,-1.3496e+10,5.3248e+10,-3.4358e+10,4.7967e+10,-5.8343e+10,-3.3267e+09,-4.3557e+10,-1.1014e+11,-2.6766e+10,-2.0372e+11,-1.2367e+10,-2.0835e+11,2.3291e+09,-2.0514e+11,2.2081e+10,-1.1117e+11,4.8789e+09,2.4394e+10,-1.3719e+10,2.9673e+10,-3.2058e+10,2.4627e+10,2
7.1708e+09,-9.4581e+10,5.4422e+09,-9.0398e+10,5.3484e+09,-8.5208e+10,4.4865e+09,-7.9605e+10,2.0372e+09,-6.7183e+10,-9.8712e+09,-4.3509e+10,-2.9827e+10,-8.7084e+09,-4.5404e+10,1.9765e+10,-4.7037e+10,3.25e+10,-3.976e+10,2.7528e+10,-3.0301e+10,1.3159e+10,-2.1119e+10,-8.9611e+09,-8.8174e+09,-2.7523e+10,7.7313e+09,-4.3243e+10,1.7602e+10,-6.0351e+10,2.3456e+10,-8.2662e+10,2.7768e+10,-1.0349e+11,-4.3648e+10,-1.3626e+11,-6.1455e+10,-1.5081e+11,-6.6719e+10,-1.608e+11,-7.0799e+10,-1.6413e+11,-7.6033e+10,-1.5846e+11,-6.5609e+10,-1.6064e+11,-5.4843e+10,-1.659e+11,-4.1614e+10,-1.6187e+11,-3.0206e+10,-1.4477e+11,-2.2309e+10,-1.3064e+11,-7.2417e+10,-1.446e+11,-7.6745e+10,-1.4585e+11,-8.2348e+10,-1.4756e+11,-8.7725e+10,-1.4759e+11,-8.8688e+10,-1.4101e+11,-8.2918e+10,-1.3769e+11,-7.5482e+10,-1.3385e+11,-6.3383e+10,-1.3749e+11,-5.1283e+10,-1.4071e+11,-5.2283e+10,-1.2242e+11,-5.6036e+10,-1.2618e+11,-5.9064e+10,-1.2711e+11,-5.7166e+10,-1.2988e+11,-5.7054e+10,-1.3158e+11,-5.37e+10,-1.3179e+11,-4.5042e+10,-1.2977e+11,-4.0644e+10,-1.2735e+11,-3.9919e+10,-1.2645e+11,-3.2854e+10,-1.2269e+11,-4.1455e+10,-1.3234e+11,-4.1521e+10,-1.3289e+11,-1.0117e+11,-9.7045e+10,-1.1284e+11,-1.3157e+11,-9.0886e+10,-1.3683e+11,-7.3814e+10,-1.3794e+11,-5.508e+10,-1.3647e+11,-1.484e+10,-1.3037e+11,-5.7198e+09,-9.1712e+10,-1.155e+10,5.6436e+09,-4.9203e+10,5.2762e+10,-7.151e+10,5.6797e+10,-9.2517e+10,5.0074e+10,-1.1339e+11,-1.5473e+08,-1.0888e+11,-9.1316e+10,-8.874e+10,-1.3787e+11,-7.2631e+10,-1.395e+11,-5.4626e+10,-1.3777e+11,-4.4333e+08,-8.8007e+10,-5.1631e+10,4.3553e+10,-7.2302e+10,4.7377e+10,-9.176e+10,4.0675e+10,2
5.579e+08,-6.3322e+10,2.5854e+09,-6.3785e+10,7.6893e+09,-6.2898e+10,1.5981e+10,-6.5036e+10,1.9756e+10,-6.3179e+10,1.6108e+10,-5.6727e+10,1.6229e+10,-5.2061e+10,2.192e+10,-5.7167e+10,2.5098e+10,-5.8347e+10,2.2954e+10,-6.1536e+10,1.222e+10,-6.6659e+10,-7.6561e+09,-7.8239e+10,-2.8044e+10,-8.7721e+10,-3.7687e+10,-8.8688e+10,-3.719e+10,-8.0799e+10,-3.5554e+10,-7.2058e+10,-3.9715e+10,-5.9917e+10,4.3205e+10,-1.2046e+11,4.64e+10,-1.1815e+11,4.2416e+10,-1.2669e+11,4.2226e+10,-1.3355e+11,4.0802e+10,-1.3892e+11,3.0891e+10,-1.3661e+11,1.9367e+10,-1.3151e+11,9.5854e+09,-1.2447e+11,-4.1026e+09,-1.1883e+11,-1.7534e+10,-1.199e+11,3.7359e+10,-1.4843e+11,4.0927e+10,-1.6406e+11,4.4479e+10,-1.7896e+11,4.8836e+10,-1.9387e+11,5.1997e+10,-1.6618e+11,4.6641e+10,-1.6901e+11,4.2118e+10,-1.7364e+11,3.4012e+10,-1.6844e+11,2.3414e+10,-1.6644e+11,4.0199e+10,-1.224e+11,3.7614e+10,-1.2191e+11,3.2676e+10,-1.2672e+11,3.1709e+10,-1.3829e+11,3.5767e+10,-1.3564e+11,4.0979e+10,-1.3135e+11,1.6015e+10,-1.3668e+11,1.1416e+10,-1.2597e+11,4.8934e+09,-1.2159e+11,-1.4618e+09,-1.2194e+11,1.7355e+09,-1.3005e+11,8.379e+09,-1.3449e+11,6.1955e+10,-8.6908e+10,4.0867e+10,-1.4508e+11,3.953e+10,-1.6518e+11,3.5866e+10,-1.6587e+11,3.0553e+10,-1.6394e+11,1.7472e+10,-1.4227e+11,-1.9089e+10,-8.2697e+10,1.4603e+10,-6.4572e+10,2.7338e+10,-5.6349e+10,3.1437e+10,-5.5949e+10,3.4741e+10,-5.605e+10,3.747e+10,-6.627e+10,5.8598e+10,-9.4072e+10,3.996e+10,-1.5444e+11,3.5077e+10,-1.5736e+11,2.8772e+10,-1.5345e+11,-1.6458e+10,-9.0247e+10,2.7924e+10,-6.4218e+10,3.2521e+10,-6.3291e+10,3.6609e+10,-6.3851e+10,1
-1.0398e+10,-4.9626e+10,-8.0621e+09,-5.0926e+10,-3.244e+09,-5.1705e+10,6.7808e+08,-5.3717e+10,-6.7925e+08,-5.0036e+10,-7.1742e+09,-4.2592e+10,-7.5826e+09,-3.7769e+10,-2.0322e+09,-4.2959e+10,4.1121e+09,-4.3839e+10,9.0092e+09,-4.5428e+10,8.6979e+09,-4.5609e+10,1.4138e+09,-5.3149e+10,-1.1083e+10,-6.1855e+10,-1.718e+10,-6.4964e+10,-1.6747e+10,-6.1002e+10,-1.4284e+10,-5.602e+10,-1.528e+10,-4.9102e+10,6.563e+09,-1.1225e+11,6.7549e+09,-1.1622e+11,5.4441e+09,-1.2583e+11,7.8843e+09,-1.3206e+11,1.0298e+10,-1.3555e+11,5.4978e+09,-1.3389e+11,3.062e+09,-1.3059e+11,1.6444e+09,-1.2418e+11,-3.5145e+09,-1.1583e+11,-9.4696e+09,-1.1167e+11,9.2654e+09,-1.39e+11,1.1045e+10,-1.5311e+11,1.267e+10,-1.6644e+11,1.4802e+10,-1.7919e+11,1.9163e+10,-1.4798e+11,1.4951e+10,-1.5063e+11,1.2019e+10,-1.5457e+11,7.359e+09,-1.5077e+11,8.9412e+08,-1.4913e+11,5.0384e+09,-1.0872e+11,3.5357e+09,-1.1146e+11,1.755e+09,-1.1605e+11,4.3778e+09,-1.2381e+11,5.1165e+09,-1.1972e+11,6.5723e+09,-1.1541e+11,2.8624e+09,-1.2275e+11,3.1051e+09,-1.1553e+11,8.0976e+08,-1.1126e+11,-1.5557e+09,-1.0868e+11,-1.8919e+09,-1.1505e+11,2.0975e+08,-1.1935e+11,2.5478e+10,-7.6894e+10,1.1036e+10,-1.2475e+11,1.0261e+10,-1.4319e+11,8.8485e+09,-1.4362e+11,6.8976e+09,-1.4234e+11,1.0621e+09,-1.2308e+11,-2.1663e+10,-7.33e+10,-1.0461e+09,-6.2377e+10,4.1036e+09,-5.9063e+10,5.4135e+09,-5.9232e+10,6.4533e+09,-5.9349e+10,8.2928e+09,-6.4119e+10,2.4159e+10,-8.3117e+10,1.0809e+10,-1.3243e+11,8.5576e+09,-1.3492e+11,5.7782e+09,-1.3178e+11,-2.0997e+10,-8.0098e+10,4.472e+09,-6.6151e+10,6.2138e+09,-6.6026e+10,7.9254e+09,-6.6275e+10,1
-1.7654e+10,1.306e+11,-1.5506e+10,1.4465e+11,-1.2141e+10,1.5794e+11,7.0995e+08,1.6686e+11,2.1647e+10,1.6106e+11,4.6251e+10,1.457e+11,6.1257e+10,1.317e+11,6.2625e+10,1.2624e+11,4.6359e+10,1.2009e+11,1.994e+10,1.1804e+11,-4.6632e+09,1.1451e+11,-1.7498e+10,1.2047e+11,-1.7691e+10,1.3159e+11,-1.3469e+10,1.4114e+11,-6.8531e+09,1.4056e+11,-6.5863e+09,1.3387e+11,-8.9804e+09,1.246e+11,1.0875e+10,1.9301e+11,1.7973e+10,1.9337e+11,2.5225e+10,2.0376e+11,2.7772e+10,2.1519e+11,2.6905e+10,2.2354e+11,2.6454e+10,2.1661e+11,2.1784e+10,2.1083e+11,1.7134e+10,2.0064e+11,1.7283e+10,1.8834e+11,1.2807e+10,1.8758e+11,3.2691e+10,2.4134e+11,3.6154e+10,2.6474e+11,4.0223e+10,2.8707e+11,4.3864e+10,3.071e+11,3.9975e+10,2.817e+11,4.091e+10,2.7999e+11,3.9011e+10,2.791e+11,3.43e+10,2.7982e+11,3.2756e+10,2.8224e+11,1.7999e+10,1.9754e+11,2.0456e+10,1.9669e+11,2.851e+10,2.0236e+11,2.2742e+10,2.1908e+11,2.2663e+10,2.1935e+11,1.5045e+10,2.1527e+11,2.0605e+10,2.1731e+11,1.0933e+10,2.018e+11,1.5581e+10,1.9696e+11,1.2054e+10,1.9616e+11,2.134e+10,2.1358e+11,1.6719e+10,2.1849e+11,9.3542e+10,2.4918e+11,8.0771e+10,2.7322e+11,5.9411e+10,2.754e+11,4.4118e+10,2.7662e+11,2.696e+10,2.7268e+11,-4.864e+08,2.6691e+11,-1.7998e+10,2.3712e+11,8.7416e+08,2.0059e+11,3.275e+10,1.9097e+11,4.9069e+10,1.9178e+11,6.5177e+10,1.9476e+11,8.6859e+10,2.0831e+11,9.8468e+10,2.474e+11,5.8894e+10,2.779e+11,4.3553e+10,2.7811e+11,2.7866e+10,2.7474e+11,-2.0363e+10,2.3782e+11,3.0917e+10,1.8314e+11,4.7848e+10,1.8392e+11,6.4111e+10,1.8633e+11,1
-4.0016e+10,1.8698e+10,-3.4825e+10,3.6094e+10,-2.8632e+10,5.3788e+10,-1.3311e+10,6.6129e+10,1.1477e+10,7.1203e+10,3.7286e+10,6.9437e+10,6.0089e+10,6.8086e+10,7.8131e+10,6.096e+10,7.988e+10,5.3532e+10,6.7145e+10,4.3661e+10,4.6022e+10,2.856e+10,2.5718e+10,1.5725e+10,1.4909e+10,9.4427e+09,1.3969e+10,8.92e+09,1.4164e+10,9.0667e+09,9.8771e+09,7.2576e+09,2.3841e+09,8.4994e+09,1.81e+10,-3.3842e+10,2.5793e+10,-4.847e+10,3.7029e+10,-6.3611e+10,5.1862e+10,-6.7784e+10,6.2547e+10,-6.3493e+10,6.5869e+10,-7.087e+10,6.1549e+10,-7.2103e+10,6.0523e+10,-6.6518e+10,5.5273e+10,-5.6243e+10,3.8423e+10,-4.1478e+10,7.3179e+10,-3.8424e+10,7.9957e+10,-3.7738e+10,8.728e+10,-3.6521e+10,9.5306e+10,-3.5729e+10,7.8068e+10,-1.2142e+10,8.2732e+10,-1.5958e+10,8.6324e+10,-1.942e+10,8.3278e+10,-1.7289e+10,8.0283e+10,-1.5745e+10,3.3502e+10,-1.9905e+10,3.8382e+10,-1.946e+10,4.1362e+10,-2.1987e+10,4.3622e+10,-2.7482e+10,4.2568e+10,-2.6305e+10,3.9969e+10,-2.4511e+10,5.7522e+10,-2.8582e+10,5.2813e+10,-2.3103e+10,5.0649e+10,-2.0703e+10,4.6269e+10,-2.2415e+10,5.0111e+10,-2.677e+10,5.1987e+10,-2.7762e+10,9.5516e+10,5.437e+10,8.2597e+10,6.6448e+09,8.8905e+10,-1.4146e+10,8.6869e+10,-1.4302e+10,8.1817e+10,-1.5887e+10,7.1376e+10,1.7022e+09,3.547e+10,4.4295e+10,7.0363e+10,7.0221e+10,8.4202e+10,8.6835e+10,8.6126e+10,9.0173e+10,8.6619e+10,9.1159e+10,8.3035e+10,7.8747e+10,9.6824e+10,4.854e+10,8.9347e+10,2.7037e+08,8.6149e+10,-3.0164e+09,8.0861e+10,-2.4636e+09,3.6348e+10,4.0641e+10,8.2824e+10,6.7226e+10,8.6176e+10,7.0788e+10,8.8088e+10,7.1696e+10,1
-1.6131e+10,1.2186e+09,-1.4316e+10,1.511e+10,-1.0661e+10,2.9508e+10,3.8355e+07,4.0232e+10,1.6338e+10,4.6386e+10,2.8869e+10,5.2683e+10,3.2339e+10,6.5566e+10,3.1479e+10,7.584e+10,2.5042e+10,7.7497e+10,1.3571e+10,7.0171e+10,1.4487e+08,5.4925e+10,-9.3472e+09,3.9822e+10,-8.4753e+09,3.1389e+10,7.547e+08,2.6618e+10,8.4812e+09,1.8125e+10,1.0022e+10,3.9292e+09,8.1357e+09,-9.0138e+09,-6.6112e+09,-1.8399e+10,-1.011e+10,-3.0541e+10,-6.5143e+09,-3.7749e+10,-2.5675e+09,-3.7148e+10,-2.2017e+09,-2.9889e+10,3.4648e+09,-3.6166e+10,4.3927e+09,-4.1148e+10,7.991e+09,-4.04e+10,1.0684e+10,-3.2224e+10,5.6643e+09,-2.0235e+10,5.374e+09,-7.7765e+09,7.1895e+09,-2.561e+08,8.7718e+09,6.844e+09,1.0637e+10,1.376e+10,2.2464e+09,1.7037e+10,7.0775e+09,1.665e+10,1.1324e+10,1.6858e+10,1.4213e+10,1.6309e+10,1.8123e+10,1.6159e+10,-3.1222e+09,-4.9973e+09,-2.6025e+09,-6.7121e+09,-6.8407e+08,-6.2271e+09,-1.4238e+09,-4.4168e+09,-1.2592e+09,-4.8866e+09,-2.622e+09,-5.7072e+09,7.1606e+09,-5.3017e+09,3.4728e+09,-6.9241e+09,4.0434e+09,-7.188e+09,4.1897e+09,-6.5106e+09,4.9919e+09,-7.3003e+09,4.7149e+09,-6.3044e+09,2.2425e+10,5.6284e+10,5.3875e+09,2.6218e+10,1.1419e+10,1.5755e+10,1.3717e+10,1.5506e+10,1.4907e+10,1.4388e+10,2.1005e+10,2.293e+10,3.3663e+09,5.1149e+10,2.2691e+10,1.0027e+11,2.0872e+10,1.2866e+11,1.6221e+10,1.3241e+11,1.1561e+10,1.3031e+11,7.3058e+09,1.0315e+11,2.0289e+10,5.6182e+10,1.2525e+10,2.1765e+10,1.3784e+10,1.9627e+10,1.4991e+10,1.9721e+10,5.9343e+09,5.1705e+10,1.8451e+10,1.1334e+11,1.544e+10,1.171e+11,1.2218e+10,1.1472e+11,1
3.7186e+10,-1.1013e+11,3.2687e+10,-1.1078e+11,3.4465e+10,-1.098e+11,3.4965e+10,-1.0867e+11,2.3506e+10,-9.6796e+10,-9.0375e+09,-6.2389e+10,-5.5933e+10,-1.0729e+10,-9.7209e+10,3.4693e+10,-1.1435e+11,5.7921e+10,-1.1282e+11,5.6894e+10,-1.0316e+11,4.4681e+10,-9.1824e+10,1.8218e+10,-7.7075e+10,-4.3955e+09,-5.2407e+10,-2.2687e+10,-2.7847e+10,-4.5695e+10,-9.4635e+09,-8.071e+10,1.8295e+09,-1.1672e+11,-5.702e+10,-1.1949e+11,-8.7541e+10,-1.2667e+11,-1.0601e+11,-1.2418e+11,-1.2761e+11,-1.1993e+11,-1.5037e+11,-1.1182e+11,-1.461e+11,-1.1137e+11,-1.3547e+11,-1.2011e+11,-1.2314e+11,-1.2339e+11,-1.0792e+11,-1.1208e+11,-8.9404e+10,-1.0542e+11,-1.54e+11,-1.081e+11,-1.6303e+11,-1.0349e+11,-1.7437e+11,-1.0059e+11,-1.8591e+11,-9.6439e+10,-1.651e+11,-1.0687e+11,-1.6602e+11,-1.0159e+11,-1.6451e+11,-9.6827e+10,-1.5284e+11,-9.9489e+10,-1.4034e+11,-1.0208e+11,-8.6325e+10,-1.0732e+11,-9.8737e+10,-1.1683e+11,-1.0278e+11,-1.1471e+11,-1.076e+11,-1.0563e+11,-1.0336e+11,-1.0549e+11,-9.8825e+10,-1.0735e+11,-1.1687e+11,-1.0438e+11,-1.1647e+11,-1.1354e+11,-1.1254e+11,-1.1508e+11,-1.0393e+11,-1.0581e+11,-1.1169e+11,-1.063e+11,-1.1417e+11,-1.0593e+11,-1.395e+11,-6.0128e+10,-1.7875e+11,-9.6584e+10,-1.742e+11,-1.0035e+11,-1.6235e+11,-1.0137e+11,-1.4716e+11,-9.9258e+10,-1.0667e+11,-9.2503e+10,-1.0049e+11,-4.6695e+10,-1.0127e+11,6.3884e+10,-1.3743e+11,1.195e+11,-1.5678e+11,1.2314e+11,-1.7294e+11,1.1355e+11,-1.7727e+11,4.9481e+10,-1.5169e+11,-5.3076e+10,-1.7105e+11,-1.0448e+11,-1.6067e+11,-1.0616e+11,-1.4591e+11,-1.0332e+11,-9.327e+10,-4.3739e+10,-1.4127e+11,1.1091e+11,-1.584e+11,1.1437e+11,-1.7266e+11,1.0393e+11,1
-1.7034e+10,2.1278e+10,-1.4239e+10,2.1475e+10,-8.7676e+09,2.1279e+10,-3.8915e+09,1.9713e+10,-3.5855e+09,1.9241e+10,-5.285e+09,1.8277e+10,-1.889e+09,1.3138e+10,2.4426e+09,2.8568e+09,2.7206e+09,-7.0174e+08,1.1689e+09,3.2601e+08,-1.8962e+09,6.339e+09,-6.1898e+09,8.5446e+09,-1.5311e+10,8.2669e+09,-2.013e+10,1.0342e+10,-1.7654e+10,1.4584e+10,-1.3947e+10,1.8186e+10,-1.332e+10,2.1049e+10,-5.004e+09,-4.1867e+09,-2.5895e+09,-6.3558e+09,-1.3081e+09,-7.8002e+09,8.8188e+08,-7.5377e+09,3.139e+09,-8.1949e+09,-2.0207e+09,-7.943e+09,-2.7007e+09,-7.0035e+09,-3.6878e+09,-6.9017e+09,-5.2327e+09,-6.6344e+09,-7.2047e+09,-4.9719e+09,2.9697e+09,-8.15e+09,4.6332e+09,-1.1969e+10,6.3668e+09,-1.5482e+10,8.1168e+09,-1.926e+10,1.6145e+10,-1.0403e+09,1.0549e+10,-4.2623e+09,5.3115e+09,-8.43e+09,-1.2527e+09,-4.5595e+09,-7.9812e+09,-1.6883e+09,-5.2564e+09,-2.6274e+08,-5.9657e+09,-5.0862e+09,-2.812e+09,-6.6947e+09,-1.6235e+09,-3.6936e+09,-2.258e+09,1.7325e+09,-6.0032e+09,4.2318e+09,-2.0902e+09,-3.3865e+09,-3.4705e+09,-6.1898e+09,-1.2121e+09,-4.4598e+09,-3.3776e+09,-4.5354e+08,-9.1216e+08,3.9576e+09,-3.545e+09,1.8576e+09,4.4953e+10,3.806e+10,3.021e+10,1.6544e+10,1.4949e+10,3.2375e+09,5.4382e+09,3.6562e+09,-4.4933e+09,3.0462e+09,-2.3171e+10,1.5845e+10,-4.284e+10,3.7763e+10,-2.4661e+10,1.056e+10,-5.9108e+09,-2.6197e+09,4.3698e+09,-4.0122e+09,1.4703e+10,-2.1269e+09,3.0367e+10,1.0936e+10,4.7503e+10,3.1334e+10,1.5014e+10,1.3282e+10,5.1177e+09,1.1774e+10,-4.8062e+09,1.2959e+10,-4.5088e+10,3.1213e+10,-5.8706e+09,-8.1898e+09,4.6203e+09,-9.4098e+09,1.5201e+10,-7.7713e+09,1
2.8871e+09,-3.6404e+10,3.5476e+09,-4.2039e+10,5.2007e+09,-4.7275e+10,4.9354e+09,-5.2443e+10,-3.4177e+08,-5.288e+10,-8.0857e+09,-5.0758e+10,-9.4708e+09,-5.2359e+10,-5.647e+09,-5.9142e+10,-2.48e+08,-6.0326e+10,5.0202e+09,-5.9168e+10,6.7337e+09,-5.5341e+10,1.9879e+09,-5.5841e+10,-8.3289e+09,-5.8488e+10,-1.6492e+10,-5.8134e+10,-1.9121e+10,-5.1469e+10,-1.8498e+10,-4.2095e+10,-1.9406e+10,-3.1495e+10,1.7507e+10,-6.6702e+10,1.9758e+10,-6.2905e+10,1.6833e+10,-6.6039e+10,1.6154e+10,-7.0414e+10,1.6408e+10,-7.5814e+10,9.9522e+09,-7.2295e+10,5.4177e+09,-6.7876e+10,7.772e+08,-6.389e+10,-5.9481e+09,-6.237e+10,-1.0063e+10,-6.5673e+10,1.2307e+10,-8.7814e+10,1.3267e+10,-9.9852e+10,1.4255e+10,-1.1126e+11,1.5549e+10,-1.224e+11,2.0748e+10,-1.0531e+11,1.6148e+10,-1.0682e+11,1.2429e+10,-1.0948e+11,7.5858e+09,-1.0657e+11,1.0273e+09,-1.0545e+11,1.4896e+10,-7.1059e+10,1.3479e+10,-7.1077e+10,1.0643e+10,-7.4192e+10,1.1505e+10,-8.0995e+10,1.2894e+10,-7.8803e+10,1.5512e+10,-7.5842e+10,3.3157e+09,-7.9852e+10,3.4373e+09,-7.356e+10,4.6523e+08,-7.0764e+10,-2.2061e+09,-7.0357e+10,-1.7393e+09,-7.4756e+10,1.1031e+09,-7.7828e+10,1.7602e+10,-7.3243e+10,1.3178e+10,-9.5037e+10,1.0769e+10,-1.0304e+11,8.6387e+09,-1.0331e+11,6.2511e+09,-1.0189e+11,-1.3078e+09,-9.2437e+10,-1.2807e+10,-6.8927e+10,-3.4473e+09,-7.7129e+10,2.2103e+09,-8.3616e+10,5.2781e+09,-8.4885e+10,8.0175e+09,-8.4231e+10,1.054e+10,-7.9255e+10,1.6892e+10,-7.7249e+10,1.0674e+10,-9.8681e+10,8.2906e+09,-9.9568e+10,5.3232e+09,-9.742e+10,-1.2691e+10,-7.3481e+10,3.3929e+09,-8.2603e+10,6.1486e+09,-8.3623e+10,8.8145e+09,-8.3038e+10,1
-3.0318e+09,-9.8836e+10,-1.6184e+09,-9.845e+10,4.0754e+09,-9.6847e+10,9.1857e+09,-9.6825e+10,6.6075e+09,-8.7463e+10,-7.8913e+09,-6.7291e+10,-2.0913e+10,-4.381e+10,-2.5611e+10,-3.4037e+10,-2.2677e+10,-2.7823e+10,-1.6445e+10,-3.1616e+10,-1.4501e+10,-3.8974e+10,-2.0032e+10,-5.8582e+10,-2.8812e+10,-7.7188e+10,-2.7022e+10,-8.7735e+10,-1.9644e+10,-9.1668e+10,-1.2519e+10,-9.8078e+10,-1.1114e+10,-1.0189e+11,-9.8274e+09,-1.8026e+11,-1.9097e+10,-1.8955e+11,-2.499e+10,-2.026e+11,-2.6936e+10,-2.0969e+11,-2.9719e+10,-2.1055e+11,-3.1722e+10,-2.0948e+11,-3.0757e+10,-2.0873e+11,-2.7529e+10,-2.0104e+11,-2.8492e+10,-1.8539e+11,-3.1017e+10,-1.7597e+11,-3.0332e+10,-2.0956e+11,-3.0702e+10,-2.2437e+11,-3.1947e+10,-2.3876e+11,-3.256e+10,-2.5193e+11,-2.5388e+10,-2.1802e+11,-2.8422e+10,-2.1921e+11,-2.9305e+10,-2.2176e+11,-2.9479e+10,-2.1891e+11,-3.1522e+10,-2.1839e+11,-1.8432e+10,-1.7071e+11,-2.3133e+10,-1.759e+11,-2.6817e+10,-1.8084e+11,-2.4636e+10,-1.89e+11,-2.275e+10,-1.8519e+11,-1.9157e+10,-1.8088e+11,-2.5614e+10,-1.876e+11,-2.4805e+10,-1.8016e+11,-2.6958e+10,-1.755e+11,-2.6698e+10,-1.7052e+11,-3.0203e+10,-1.8045e+11,-2.78e+10,-1.8519e+11,-1.6657e+10,-1.1847e+11,-4.325e+10,-1.8836e+11,-3.7085e+10,-2.1114e+11,-3.2206e+10,-2.1211e+11,-2.7116e+10,-2.0997e+11,-1.6593e+10,-1.8559e+11,-4.0261e+10,-1.1117e+11,-1.7149e+10,-5.2031e+10,-2.6791e+10,-2.4853e+10,-3.4441e+10,-2.3113e+10,-4.1593e+10,-2.6688e+10,-4.6147e+10,-5.7627e+10,-2.2457e+10,-1.2267e+11,-3.5368e+10,-2.0008e+11,-3.199e+10,-2.0366e+11,-2.8088e+10,-1.9923e+11,-3.6606e+10,-1.1714e+11,-2.7746e+10,-3.7249e+10,-3.4045e+10,-3.525e+10,-3.9662e+10,-3.9142e+10,1
-1.7846e+10,1.6486e+11,-1.6025e+10,1.7176e+11,-1.3477e+10,1.7689e+11,-6.8713e+09,1.8006e+11,3.6535e+09,1.7026e+11,2.1073e+10,1.4936e+11,3.4691e+10,1.2513e+11,3.5413e+10,1.1168e+11,2.0876e+10,1.0378e+11,5.4228e+08,1.0752e+11,-1.4057e+10,1.1735e+11,-1.592e+10,1.3658e+11,-1.3134e+10,1.5527e+11,-1.1975e+10,1.6845e+11,-7.501e+09,1.7098e+11,-6.0141e+09,1.6936e+11,-5.0043e+09,1.6265e+11,-7.5927e+09,2.4632e+11,5.6156e+08,2.5084e+11,7.6629e+09,2.6787e+11,8.7373e+09,2.8208e+11,8.8138e+09,2.886e+11,6.4661e+09,2.8426e+11,5.8634e+09,2.7935e+11,3.0114e+09,2.6581e+11,6.8197e+09,2.4727e+11,9.9041e+09,2.4162e+11,1.171e+10,2.9852e+11,1.344e+10,3.2223e+11,1.5877e+10,3.4492e+11,1.7411e+10,3.6529e+11,2.2033e+10,3.3695e+11,1.9278e+10,3.349e+11,1.3939e+10,3.3352e+11,7.5117e+09,3.3458e+11,4.653e+09,3.3785e+11,-2.1818e+09,2.4704e+11,2.477e+08,2.4386e+11,1.0979e+10,2.5037e+11,6.499e+09,2.7288e+11,4.4649e+09,2.7545e+11,-6.5616e+09,2.7144e+11,5.4735e+09,2.7114e+11,-1.1811e+09,2.5022e+11,7.2332e+09,2.4467e+11,5.2008e+09,2.4623e+11,1.3982e+10,2.6996e+11,5.2186e+09,2.7495e+11,7.8306e+10,2.7502e+11,7.3468e+10,3.2537e+11,4.066e+10,3.3357e+11,2.0441e+10,3.3542e+11,-5.2692e+08,3.31e+11,-3.5575e+10,3.194e+11,-3.9999e+10,2.6423e+11,-3.4646e+10,1.8155e+11,2.8601e+09,1.4742e+11,2.5412e+10,1.4536e+11,4.8209e+10,1.5031e+11,8.0058e+10,1.8819e+11,8.6841e+10,2.7254e+11,3.9507e+10,3.3414e+11,2.0023e+10,3.3577e+11,9.1553e+08,3.3152e+11,-4.5886e+10,2.6401e+11,1.9907e+09,1.4753e+11,2.4263e+10,1.4532e+11,4.6324e+10,1.4987e+11,1
-7.146e+09,1.2195e+11,-6.7142e+09,1.2649e+11,-7.2944e+09,1.2981e+11,-4.396e+09,1.3218e+11,3.9518e+09,1.2362e+11,1.975e+10,1.0537e+11,3.1849e+10,8.483e+10,3.3624e+10,7.511e+10,2.3769e+10,6.8826e+10,8.7708e+09,7.151e+10,-2.1374e+09,7.7591e+10,-3.5049e+09,9.3421e+10,3.2948e+08,1.0958e+11,5.3675e+08,1.2046e+11,7.7295e+08,1.2316e+11,-1.0824e+09,1.2411e+11,-1.6277e+09,1.2169e+11,4.7352e+09,1.9599e+11,1.2584e+10,2.0211e+11,1.8248e+10,2.1586e+11,1.9207e+10,2.2607e+11,1.9521e+10,2.301e+11,1.868e+10,2.2708e+11,1.6695e+10,2.2408e+11,1.2959e+10,2.1409e+11,1.4297e+10,1.9847e+11,1.5544e+10,1.9186e+11,2.1372e+10,2.3547e+11,2.2746e+10,2.5402e+11,2.4817e+10,2.7181e+11,2.6232e+10,2.8781e+11,2.5292e+10,2.5923e+11,2.517e+10,2.5862e+11,2.2763e+10,2.5884e+11,1.9217e+10,2.5845e+11,1.8242e+10,2.5998e+11,1.0652e+10,1.9279e+11,1.3505e+10,1.9346e+11,2.0159e+10,1.9882e+11,1.6282e+10,2.1342e+11,1.5063e+10,2.1302e+11,8.428e+09,2.0915e+11,1.4343e+10,2.1201e+11,9.5121e+09,1.9848e+11,1.4167e+10,1.9373e+11,1.2453e+10,1.9227e+11,1.8976e+10,2.0826e+11,1.4125e+10,2.1278e+11,5.3599e+10,1.9224e+11,5.8858e+10,2.4194e+11,3.9601e+10,2.5414e+11,2.6997e+10,2.5542e+11,1.3698e+10,2.5231e+11,-9.1543e+09,2.3772e+11,-5.5719e+09,1.836e+11,-8.4042e+09,1.2267e+11,1.578e+10,9.7398e+10,3.0545e+10,9.6018e+10,4.5189e+10,9.9781e+10,6.3487e+10,1.2841e+11,5.9753e+10,1.9249e+11,3.8411e+10,2.5047e+11,2.6634e+10,2.525e+11,1.4746e+10,2.4869e+11,-9.5288e+09,1.8577e+11,1.5531e+10,1.0106e+11,2.9763e+10,9.9533e+10,4.3555e+10,1.0313e+11,1
-3.2375e+09,-9.5796e+10,-2.8635e+09,-9.6019e+10,-6.1559e+09,-9.5189e+10,-9.4675e+09,-9.3718e+10,-6.9647e+09,-8.8246e+10,-1.3707e+09,-8.3539e+10,9.0367e+09,-8.0124e+10,2.5884e+10,-8.2453e+10,4.3732e+10,-8.4703e+10,5.6559e+10,-9.0592e+10,6.0493e+10,-1.0108e+11,5.473e+10,-1.1179e+11,4.888e+10,-1.2048e+11,4.1651e+10,-1.2584e+11,2.8677e+10,-1.2207e+11,1.8331e+10,-1.1121e+11,1.1358e+10,-9.4849e+10,3.111e+10,-1.6098e+11,3.6105e+10,-1.6574e+11,3.9676e+10,-1.8387e+11,4.9706e+10,-1.9784e+11,5.9733e+10,-2.0408e+11,6.3717e+10,-2.0313e+11,6.0079e+10,-1.9716e+11,5.8707e+10,-1.8381e+11,5.0121e+10,-1.7001e+11,3.7702e+10,-1.6397e+11,6.2022e+10,-2.0548e+11,6.4883e+10,-2.2372e+11,6.81e+10,-2.4056e+11,7.2278e+10,-2.5596e+11,5.2878e+10,-2.3122e+11,5.9336e+10,-2.3106e+11,6.6551e+10,-2.3068e+11,6.9902e+10,-2.3182e+11,7.0284e+10,-2.3438e+11,4.1569e+10,-1.6309e+11,4.5704e+10,-1.5518e+11,3.8239e+10,-1.6105e+11,4.3727e+10,-1.8466e+11,4.3687e+10,-1.8877e+11,5.1568e+10,-1.8559e+11,5.2745e+10,-1.8421e+11,5.735e+10,-1.6189e+11,4.7935e+10,-1.5708e+11,4.6505e+10,-1.6364e+11,4.2058e+10,-1.8537e+11,5.1318e+10,-1.8876e+11,-8.3486e+09,-1.9698e+11,1.2098e+10,-2.2796e+11,4.5223e+10,-2.3312e+11,6.0956e+10,-2.3445e+11,7.5499e+10,-2.3191e+11,9.51e+10,-2.2584e+11,9.5572e+10,-1.9592e+11,9.2946e+10,-1.4888e+11,7.0877e+10,-1.3033e+11,5.5455e+10,-1.2836e+11,3.8335e+10,-1.2956e+11,6.4934e+09,-1.4686e+11,-1.1581e+10,-1.9604e+11,4.5165e+10,-2.3247e+11,6.0672e+10,-2.3344e+11,7.3832e+10,-2.3149e+11,9.8925e+10,-1.9482e+11,7.2439e+10,-1.3069e+11,5.6801e+10,-1.2857e+11,3.991e+10,-1.2905e+11,2
-3.3132e+10,-1.1437e+10,-2.9927e+10,1.7462e+09,-2.278e+10,1.4779e+10,-1.392e+10,2.5319e+10,-5.2992e+09,3.7248e+10,-3.7975e+09,5.3266e+10,-7.7849e+09,7.5965e+10,-1.2559e+10,8.9495e+10,-1.6348e+10,9.4155e+10,-1.8282e+10,8.7938e+10,-1.903e+10,7.756e+10,-1.5469e+10,6.0098e+10,-9.433e+09,4.5168e+10,5.2952e+09,3.3911e+10,1.8423e+10,1.8848e+10,2.6138e+10,-3.8994e+09,2.9783e+10,-2.6836e+10,-6.1058e+10,-7.0251e+10,-7.282e+10,-9.4129e+10,-6.8888e+10,-1.0649e+11,-6.3568e+10,-1.0648e+11,-6.0739e+10,-9.6528e+10,-5.0925e+10,-1.0324e+11,-3.7982e+10,-1.1077e+11,-2.2551e+10,-1.0903e+11,-8.8763e+09,-9.208e+10,-4.5302e+09,-6.9838e+10,-5.0753e+10,-6.6168e+10,-5.1434e+10,-6.1644e+10,-5.2955e+10,-5.7439e+10,-5.4393e+10,-5.2365e+10,-5.4381e+10,-2.9865e+10,-5.1151e+10,-3.1065e+10,-4.7023e+10,-3.1818e+10,-4.1337e+10,-3.2092e+10,-3.4265e+10,-3.1691e+10,-6.1064e+10,-4.4814e+10,-6.2002e+10,-5.4619e+10,-5.6434e+10,-5.5587e+10,-5.2312e+10,-4.9263e+10,-5.5457e+10,-4.4904e+10,-6.1383e+10,-4.3798e+10,-2.7916e+10,-5.0215e+10,-2.61e+10,-5.6077e+10,-1.9744e+10,-5.4733e+10,-1.469e+10,-4.6725e+10,-1.8896e+10,-4.6426e+10,-2.5262e+10,-4.7273e+10,-2.2388e+10,4.6171e+10,-4.831e+10,-2.3518e+09,-4.5275e+10,-2.2483e+10,-4.1393e+10,-2.261e+10,-3.7069e+10,-2.4001e+10,-2.2464e+10,-6.1755e+09,-3.6887e+10,4.3399e+10,-2.0017e+10,1.009e+11,-2.9996e+10,1.3151e+11,-3.8103e+10,1.3492e+11,-4.5115e+10,1.3158e+11,-4.6139e+10,1.0097e+11,-2.3889e+10,4.4213e+10,-4.3213e+10,-9.9944e+09,-4.0623e+10,-1.3341e+10,-3.644e+10,-1.226e+10,-3.5816e+10,4.1068e+10,-3.3336e+10,1.1064e+11,-3.9198e+10,1.1389e+11,-4.4193e+10,1.104e+11,1
4.6679e+10,1.2453e+11,4.1284e+10,1.1268e+11,4.0412e+10,9.9616e+10,3.596e+10,8.862e+10,1.7585e+10,7.4823e+10,-6.951e+09,6.7492e+10,-3.9841e+10,6.3428e+10,-8.0161e+10,7.4642e+10,-1.1157e+11,8.4054e+10,-1.2709e+11,9.9213e+10,-1.2441e+11,1.2184e+11,-1.0811e+11,1.4529e+11,-9.3885e+10,1.6375e+11,-8.323e+10,1.7388e+11,-6.405e+10,1.6971e+11,-4.6637e+10,1.5608e+11,-3.2744e+10,1.3274e+11,-3.4137e+10,2.786e+11,-4.5684e+10,3.0212e+11,-6.1453e+10,3.4314e+11,-9.03e+10,3.6776e+11,-1.1694e+11,3.7324e+11,-1.2775e+11,3.7749e+11,-1.252e+11,3.7008e+11,-1.2809e+11,3.4528e+11,-1.1644e+11,3.1361e+11,-8.9408e+10,2.8886e+11,-1.2992e+11,3.5276e+11,-1.385e+11,3.8125e+11,-1.4792e+11,4.0704e+11,-1.5917e+11,4.305e+11,-1.1957e+11,3.6596e+11,-1.3226e+11,3.6928e+11,-1.4584e+11,3.7193e+11,-1.4953e+11,3.72e+11,-1.49e+11,3.7433e+11,-6.2335e+10,2.6641e+11,-7.2735e+10,2.5751e+11,-6.6183e+10,2.6898e+11,-7.9335e+10,3.0668e+11,-7.6067e+10,3.0963e+11,-8.2963e+10,3.025e+11,-1.1342e+11,3.0703e+11,-1.2025e+11,2.7111e+11,-1.0748e+11,2.6129e+11,-1.043e+11,2.6943e+11,-9.8184e+10,3.0452e+11,-1.1019e+11,3.1119e+11,-4.2236e+10,2.5525e+11,-6.4378e+10,3.3975e+11,-1.1728e+11,3.6629e+11,-1.396e+11,3.6822e+11,-1.5856e+11,3.6596e+11,-1.8211e+11,3.4094e+11,-1.6019e+11,2.6118e+11,-1.7813e+11,1.7867e+11,-1.5303e+11,1.4342e+11,-1.3081e+11,1.3861e+11,-1.053e+11,1.3942e+11,-5.6341e+10,1.6946e+11,-4.0025e+10,2.5933e+11,-1.1768e+11,3.5161e+11,-1.3891e+11,3.5578e+11,-1.556e+11,3.5237e+11,-1.6423e+11,2.6357e+11,-1.5427e+11,1.5975e+11,-1.3283e+11,1.5465e+11,-1.0876e+11,1.5424e+11,1
1.2166e+10,3.7641e+10,1.2304e+10,2.8854e+10,1.507e+10,1.9849e+10,1.6473e+10,1.0483e+10,9.1264e+09,1.9045e+09,-5.7674e+08,-5.8147e+09,-4.7038e+09,-1.9578e+10,-8.0432e+09,-3.2525e+10,-1.3492e+10,-3.5352e+10,-1.8506e+10,-2.8695e+10,-2.2891e+10,-1.4569e+10,-2.9152e+10,-2.2796e+09,-4.1347e+10,6.0405e+09,-5.16e+10,1.4955e+10,-4.994e+10,2.6065e+10,-4.5036e+10,3.7682e+10,-4.3523e+10,4.7145e+10,2.4571e+10,6.5539e+10,2.9436e+10,8.0697e+10,2.3561e+10,9.3136e+10,1.5492e+10,9.789e+10,8.8059e+09,9.3003e+10,-5.3409e+09,9.7875e+10,-1.3902e+10,1.0137e+11,-2.4742e+10,9.6174e+10,-3.2578e+10,8.2457e+10,-3.265e+10,6.7582e+10,4.3709e+06,7.1983e+10,4.1144e+08,6.987e+10,1.0074e+09,6.7648e+10,1.3217e+09,6.4233e+10,1.9481e+10,6.0919e+10,8.5164e+09,5.8793e+10,-2.516e+09,5.4998e+10,-1.3704e+10,5.9853e+10,-2.5212e+10,6.3276e+10,1.6063e+10,5.4263e+10,1.2394e+10,5.2129e+10,1.3029e+10,5.2839e+10,8.5899e+09,5.9351e+10,1.1365e+10,6.362e+10,1.036e+10,6.4603e+10,-1.5484e+10,6.0565e+10,-2.0437e+10,5.4246e+10,-1.9676e+10,5.3793e+10,-2.4564e+10,5.5846e+10,-1.8237e+10,6.6389e+10,-1.9077e+10,6.5469e+10,5.317e+10,5.4616e+10,4.0115e+10,6.3115e+10,1.1643e+10,6.1819e+10,-4.9125e+09,6.2539e+10,-2.1567e+10,6.2574e+10,-5.3342e+10,6.5272e+10,-6.8109e+10,5.8336e+10,-5.5403e+10,-5.9044e+09,-2.5252e+10,-3.7162e+10,-6.1548e+09,-4.0964e+10,1.3169e+10,-3.7768e+10,4.0471e+10,-8.5569e+09,5.5614e+10,4.8837e+10,1.0834e+10,6.4121e+10,-5.5448e+09,6.4555e+10,-2.1818e+10,6.5302e+10,-7.081e+10,5.2301e+10,-2.395e+10,-3.0818e+10,-5.7013e+09,-3.4339e+10,1.2808e+10,-3.173e+10,1
2.6905e+10,4.6576e+10,2.3183e+10,3.5679e+10,1.5505e+10,2.4082e+10,4.0535e+09,1.6185e+10,-6.7353e+09,5.8146e+09,-9.3269e+09,-8.9197e+09,-9.7824e+09,-2.76e+10,-1.244e+10,-3.4112e+10,-1.3083e+10,-3.5981e+10,-1.0508e+10,-2.8411e+10,-2.9328e+09,-1.5774e+10,6.8115e+09,4.641e+09,1.3846e+10,2.1255e+10,8.7278e+09,3.0287e+10,4.6173e+08,3.6869e+10,-4.2476e+09,4.8004e+10,-3.3297e+09,5.6758e+10,1.6924e+10,1.2638e+11,2.249e+10,1.4398e+11,2.0215e+10,1.6004e+11,1.4182e+10,1.651e+11,1.0957e+10,1.6078e+11,7.9739e+09,1.6509e+11,5.2626e+09,1.6755e+11,-6.246e+08,1.6108e+11,-2.2896e+09,1.4406e+11,4.0564e+09,1.2686e+11,4.2617e+09,1.415e+11,2.0845e+09,1.4736e+11,4.2141e+08,1.5292e+11,-1.8556e+09,1.5778e+11,4.897e+08,1.244e+11,-4.6974e+08,1.2689e+11,-2.4087e+09,1.2985e+11,-2.6928e+09,1.2753e+11,-2.4804e+09,1.2645e+11,1.5825e+10,1.0827e+11,1.6838e+10,1.1399e+11,1.5817e+10,1.1775e+11,1.2711e+10,1.2178e+11,1.3023e+10,1.1788e+11,1.4059e+10,1.1463e+11,9.1661e+08,1.2175e+11,1.9308e+09,1.1794e+11,1.8161e+09,1.1424e+11,1.8743e+09,1.097e+11,3.3597e+09,1.1605e+11,3.451e+09,1.1915e+11,-2.2153e+10,2.3416e+10,5.413e+09,9.3104e+10,-3.3916e+08,1.1927e+11,-2.8642e+09,1.1986e+11,-4.4833e+09,1.198e+11,-9.7877e+09,9.4732e+10,2.1278e+10,2.4271e+10,-9.8703e+09,-3.3292e+10,-7.7986e+09,-6.2908e+10,-2.4893e+09,-6.6099e+10,2.7436e+09,-6.3614e+10,6.0071e+09,-3.3584e+10,-1.9188e+10,2.8561e+10,-2.0428e+09,1.0403e+11,-2.9323e+09,1.082e+11,-3.8159e+09,1.0533e+11,1.8742e+10,2.963e+10,-5.7209e+09,-4.2441e+10,-2.3634e+09,-4.5808e+10,9.0169e+08,-4.3057e+10,2
1.8576e+10,-5.269e+10,1.7601e+10,-6.4889e+10,1.5382e+10,-7.6451e+10,9.7628e+09,-8.6397e+10,-5.8625e+08,-9.0654e+10,-1.0352e+10,-9.3282e+10,-1.0612e+10,-1.0231e+11,-3.6849e+09,-1.1366e+11,6.2678e+09,-1.162e+11,1.5869e+10,-1.1295e+11,2.0596e+10,-1.0594e+11,1.5349e+10,-1.0092e+11,2.7582e+09,-9.9182e+10,-1.2054e+10,-9.5692e+10,-2.1951e+10,-8.2828e+10,-2.5702e+10,-6.2917e+10,-2.8557e+10,-4.0945e+10,4.4322e+10,-6.8535e+10,5.1049e+10,-5.5407e+10,4.6202e+10,-5.5961e+10,4.3962e+10,-6.2587e+10,4.3956e+10,-7.3243e+10,3.4322e+10,-6.6359e+10,2.4707e+10,-5.7928e+10,1.4195e+10,-5.2586e+10,1.2879e+09,-5.5661e+10,-5.1697e+09,-6.7454e+10,3.5565e+10,-9.9134e+10,3.6651e+10,-1.1635e+11,3.8085e+10,-1.3262e+11,3.9911e+10,-1.4862e+11,4.3077e+10,-1.3751e+11,3.8084e+10,-1.3816e+11,3.3889e+10,-1.4011e+11,2.7917e+10,-1.3753e+11,1.9148e+10,-1.3722e+11,4.2139e+10,-8.403e+10,4.1348e+10,-7.8951e+10,3.4707e+10,-8.2571e+10,3.4832e+10,-9.5686e+10,3.7512e+10,-9.603e+10,4.4118e+10,-9.3061e+10,1.7911e+10,-9.3994e+10,1.8663e+10,-8.1809e+10,1.1736e+10,-7.8836e+10,7.3543e+09,-8.2479e+10,8.1501e+09,-9.0737e+10,1.4958e+10,-9.4037e+10,1.4784e+10,-1.3334e+11,2.4956e+10,-1.3863e+11,2.7204e+10,-1.3816e+11,2.6891e+10,-1.3863e+11,2.6223e+10,-1.3605e+11,1.8156e+10,-1.3373e+11,1.5514e+10,-1.2679e+11,1.4818e+10,-1.4924e+11,1.8499e+10,-1.6483e+11,2.1356e+10,-1.6728e+11,2.3301e+10,-1.6575e+11,2.0409e+10,-1.5187e+11,1.3827e+10,-1.3584e+11,2.6303e+10,-1.3973e+11,2.6276e+10,-1.3925e+11,2.4839e+10,-1.3717e+11,1.5834e+10,-1.2989e+11,2.1332e+10,-1.5432e+11,2.2878e+10,-1.5645e+11,2.3918e+10,-1.548e+11,1
-1.3114e+10,5.7993e+09,-1.0369e+10,6.3936e+09,-4.9744e+09,7.043e+09,1.5006e+09,5.6128e+09,4.1706e+09,5.0535e+09,4.0274e+09,4.3929e+09,8.4839e+09,-1.7018e+08,1.4396e+10,-1.0513e+10,1.5134e+10,-1.4336e+10,1.1933e+10,-1.458e+10,4.9589e+09,-1.1676e+10,-5.0921e+09,-1.2397e+10,-1.8086e+10,-1.4062e+10,-2.496e+10,-1.176e+10,-2.3522e+10,-5.6531e+09,-2.0999e+10,3.3847e+08,-2.2286e+10,6.7297e+09,1.2505e+10,-2.4686e+10,1.648e+10,-2.4949e+10,1.6969e+10,-2.7843e+10,1.9035e+10,-2.9208e+10,2.0653e+10,-3.1178e+10,1.3781e+10,-3.0599e+10,9.1057e+09,-2.8393e+10,4.666e+09,-2.6699e+10,-1.1247e+09,-2.6017e+10,-7.335e+09,-2.5719e+10,1.9755e+10,-3.3582e+10,2.242e+10,-3.9863e+10,2.5232e+10,-4.572e+10,2.828e+10,-5.1935e+10,3.4102e+10,-3.2335e+10,2.8606e+10,-3.5645e+10,2.3383e+10,-4.0106e+10,1.5719e+10,-3.5725e+10,7.3213e+09,-3.2929e+10,1.2541e+10,-2.2967e+10,1.1722e+10,-2.5847e+10,1.289e+10,-2.8148e+10,1.3165e+10,-2.8953e+10,1.3888e+10,-2.4419e+10,1.2408e+10,-2.1574e+10,7.8413e+09,-2.8365e+10,4.9159e+09,-2.7623e+10,4.5818e+09,-2.534e+10,6.6567e+08,-2.3046e+10,4.1204e+09,-2.1454e+10,4.1953e+09,-2.3986e+10,5.9052e+10,1.4825e+10,4.3044e+10,-1.4822e+10,3.0661e+10,-2.9668e+10,2.1724e+10,-2.9493e+10,1.1803e+10,-2.9581e+10,-7.9154e+09,-1.4854e+10,-3.3598e+10,1.4933e+10,-9.9172e+09,-4.1639e+09,9.8159e+09,-1.3231e+10,1.9726e+10,-1.4177e+10,2.9326e+10,-1.244e+10,4.2393e+10,-3.6333e+09,6.041e+10,7.7237e+09,3.0699e+10,-1.9362e+10,2.1178e+10,-2.1195e+10,1.1056e+10,-1.9456e+10,-3.4695e+10,8.0817e+09,1.0065e+10,-1.9405e+10,2.0218e+10,-2.0066e+10,3.0159e+10,-1.8649e+10,1
3.9762e+09,1.1992e+10,3.0138e+09,2.1415e+09,-1.7176e+09,-8.4903e+09,-1.2424e+10,-1.5528e+10,-2.3187e+10,-2.0846e+10,-2.5519e+10,-3.0965e+10,-1.8833e+10,-4.8356e+10,-9.81e+09,-6.1927e+10,6.1542e+08,-6.6802e+10,1.2389e+10,-6.1733e+10,2.4791e+10,-4.947e+10,3.4431e+10,-3.3824e+10,3.577e+10,-2.3922e+10,2.6489e+10,-1.8825e+10,1.4475e+10,-1.0671e+10,8.187e+09,4.6496e+09,7.6563e+09,1.9436e+10,6.2733e+09,2.6458e+10,1.3403e+10,3.4096e+10,1.5538e+10,3.6985e+10,1.8354e+10,3.4673e+10,2.4306e+10,2.8384e+10,2.3174e+10,3.2408e+10,2.3673e+10,3.718e+10,2.2003e+10,3.8212e+10,1.9967e+10,3.2471e+10,2.1993e+10,2.4899e+10,2.0933e+10,1.4496e+10,2.0605e+10,8.3846e+09,2.0858e+10,2.9583e+09,2.0923e+10,-2.1758e+09,1.9209e+10,-3.7702e+09,1.8537e+10,-3.6085e+09,1.7927e+10,-3.2902e+09,1.695e+10,-4.0395e+09,1.5143e+10,-4.5465e+09,1.1193e+10,1.5599e+10,1.4243e+10,1.9445e+10,1.3399e+10,1.8686e+10,1.636e+10,1.4195e+10,1.4339e+10,1.3218e+10,1.4674e+10,1.3771e+10,1.845e+10,1.431e+10,2.3491e+10,1.8644e+10,2.2464e+10,1.9047e+10,2.2598e+10,1.6194e+10,2.1219e+10,1.4408e+10,2.1722e+10,1.3962e+10,-1.4192e+10,-5.0625e+10,1.3537e+10,-1.5767e+10,1.565e+10,-4.075e+09,1.6471e+10,-3.8292e+09,1.7816e+10,-3.3372e+09,1.4988e+10,-1.4355e+10,3.6389e+10,-4.9793e+10,1.3249e+10,-9.6906e+10,1.1901e+10,-1.242e+11,1.3812e+10,-1.2718e+11,1.5132e+10,-1.2445e+11,1.1631e+10,-9.5985e+10,-1.0509e+10,-4.972e+10,1.4285e+10,-1.0027e+10,1.6338e+10,-7.739e+09,1.7695e+10,-8.801e+09,3.3349e+10,-4.8636e+10,1.4379e+10,-1.1018e+11,1.4618e+10,-1.1324e+11,1.448e+10,-1.099e+11,2
-1.0001e+09,6.5641e+10,-5.0729e+08,6.3133e+10,1.9573e+09,5.9812e+10,3.4685e+09,5.6265e+10,4.0311e+08,5.0656e+10,-2.7934e+09,4.3644e+10,-4.6003e+09,3.3617e+10,-9.3395e+09,2.6444e+10,-1.6906e+10,2.4518e+10,-2.316e+10,2.9441e+10,-2.5569e+10,4.0338e+10,-2.4148e+10,5.1532e+10,-2.5761e+10,5.9698e+10,-2.7357e+10,6.5942e+10,-2.2984e+10,6.9074e+10,-1.8102e+10,7.0186e+10,-1.4979e+10,6.8051e+10,-7.9468e+09,1.0044e+11,-6.5467e+09,1.0639e+11,-7.8183e+09,1.1749e+11,-1.2254e+10,1.2479e+11,-1.6003e+10,1.257e+11,-2.1793e+10,1.2658e+11,-2.2188e+10,1.2547e+11,-2.4511e+10,1.1826e+11,-2.3039e+10,1.0774e+11,-1.8094e+10,1.0115e+11,-1.8907e+10,1.2087e+11,-1.9469e+10,1.2786e+11,-1.9961e+10,1.3437e+11,-2.0986e+10,1.3988e+11,-8.1025e+09,1.3076e+11,-1.4281e+10,1.2943e+11,-2.0914e+10,1.2758e+11,-2.6527e+10,1.2977e+11,-3.0901e+10,1.3226e+11,-1.243e+10,9.8252e+10,-1.4192e+10,9.4073e+10,-9.6789e+09,9.6601e+10,-1.235e+10,1.0895e+11,-1.2429e+10,1.126e+11,-1.7407e+10,1.1182e+11,-2.0397e+10,1.0894e+11,-2.3248e+10,9.7287e+10,-1.8389e+10,9.5275e+10,-1.942e+10,9.875e+10,-1.5363e+10,1.12e+11,-2.0371e+10,1.1306e+11,2.808e+10,1.117e+11,1.8417e+10,1.3074e+11,-5.8075e+09,1.3222e+11,-1.8838e+10,1.3317e+11,-3.1505e+10,1.3174e+11,-5.2874e+10,1.2988e+11,-5.7182e+10,1.1111e+11,-5.2953e+10,5.9738e+10,-3.1367e+10,3.6298e+10,-1.7155e+10,3.3847e+10,-2.3041e+09,3.6213e+10,2.0979e+10,5.9272e+10,3.1698e+10,1.0869e+11,-6.2479e+09,1.3368e+11,-1.8979e+10,1.3432e+11,-3.0867e+10,1.3342e+11,-6.0492e+10,1.0827e+11,-3.1396e+10,3.87e+10,-1.7509e+10,3.6253e+10,-3.1484e+09,3.8234e+10,1
4.2264e+10,8.6124e+09,3.8706e+10,4.0891e+08,3.4995e+10,-6.9155e+09,3.4264e+10,-1.4481e+10,3.1177e+10,-2.47e+10,2.6644e+10,-3.3282e+10,1.9251e+10,-4.2251e+10,1.05e+10,-4.3134e+10,1.3374e+09,-4.2184e+10,-8.7691e+09,-3.7807e+10,-1.8854e+10,-3.4566e+10,-3.0474e+10,-2.7162e+10,-3.7904e+10,-1.7984e+10,-4.5226e+10,-9.0079e+09,-4.6367e+10,4.2739e+08,-4.6638e+10,1.0839e+10,-4.8476e+10,2.0939e+10,6.1773e+10,7.8141e+10,6.6631e+10,1.019e+11,5.7111e+10,1.1824e+11,4.3923e+10,1.2298e+11,3.1006e+10,1.1756e+11,1.8631e+10,1.2255e+11,3.0822e+09,1.262e+11,-1.3922e+10,1.2059e+11,-2.6942e+10,1.0298e+11,-3.0619e+10,8.0973e+10,2.0328e+10,9.1394e+10,2.0227e+10,9.3986e+10,2.0381e+10,9.5995e+10,2.0428e+10,9.6507e+10,2.8129e+10,6.5687e+10,2.2867e+10,6.733e+10,1.6575e+10,6.8059e+10,1.0195e+10,6.9372e+10,3.302e+09,6.9714e+10,5.2402e+10,5.708e+10,4.8754e+10,6.3524e+10,4.3323e+10,6.644e+10,3.4039e+10,6.7276e+10,4.036e+10,6.3723e+10,4.6645e+10,6.135e+10,-1.9644e+09,6.851e+10,-9.6869e+09,6.7426e+10,-1.487e+10,6.4587e+10,-2.0583e+10,5.9252e+10,-1.3811e+10,6.4237e+10,-7.9917e+09,6.6085e+10,3.2171e+10,1.3508e+10,3.161e+10,4.3346e+10,1.9574e+10,5.7862e+10,1.1712e+10,5.7939e+10,3.3144e+09,5.9079e+10,-1.3489e+10,4.7086e+10,-1.5567e+10,1.7665e+10,-1.4305e+10,-1.1964e+10,1.1509e+09,-2.4967e+10,1.1212e+10,-2.6732e+10,2.1013e+10,-2.5575e+10,3.1565e+10,-1.4785e+10,3.0182e+10,1.5174e+10,1.8505e+10,4.7535e+10,1.1031e+10,4.9609e+10,2.9734e+09,4.9309e+10,-1.4149e+10,1.912e+10,2.5722e+09,-1.2074e+10,1.1538e+10,-1.3582e+10,2.0248e+10,-1.3009e+10,1
-5.6101e+10,-8.5142e+10,-4.8493e+10,-6.9398e+10,-3.786e+10,-5.2656e+10,-2.2037e+10,-4.1237e+10,-2.6908e+09,-2.6122e+10,1.1117e+10,-1.0771e+10,2.982e+10,3.9652e+09,5.4232e+10,-2.2356e+09,6.942e+10,-7.5027e+09,7.2472e+10,-2.0931e+10,6.1265e+10,-3.9572e+10,4.098e+10,-6.7471e+10,2.1732e+10,-9.0813e+10,1.7931e+10,-1.0189e+11,1.7654e+10,-1.0272e+11,1.5657e+10,-1.0355e+11,8.2746e+09,-9.8051e+10,1.5472e+09,-2.4274e+11,4.1269e+09,-2.7027e+11,1.4455e+10,-3.0457e+11,3.4798e+10,-3.2041e+11,5.1495e+10,-3.1962e+11,5.5687e+10,-3.2539e+11,5.5602e+10,-3.234e+11,6.0773e+10,-3.0598e+11,5.5028e+10,-2.7623e+11,3.4598e+10,-2.4871e+11,6.3431e+10,-2.9293e+11,7.0706e+10,-3.1365e+11,7.8004e+10,-3.3264e+11,8.6741e+10,-3.5018e+11,7.0481e+10,-2.7958e+11,7.387e+10,-2.8541e+11,7.8666e+10,-2.9193e+11,7.6233e+10,-2.8741e+11,7.1259e+10,-2.8572e+11,1.5949e+10,-2.1892e+11,1.9593e+10,-2.2242e+11,1.9254e+10,-2.3209e+11,2.8606e+10,-2.5173e+11,2.6622e+10,-2.4647e+11,2.6802e+10,-2.3875e+11,5.3856e+10,-2.5169e+11,5.4784e+10,-2.3297e+11,4.9946e+10,-2.2404e+11,4.6636e+10,-2.2174e+11,4.4428e+10,-2.4111e+11,4.8712e+10,-2.4821e+11,7.2625e+10,-1.1405e+11,4.9181e+10,-2.2909e+11,6.9563e+10,-2.7305e+11,7.6039e+10,-2.7421e+11,7.9708e+10,-2.7351e+11,8.2833e+10,-2.3159e+11,3.1454e+10,-1.1807e+11,8.0044e+10,-4.5372e+10,7.9182e+10,-1.0604e+10,7.087e+10,-6.3075e+09,6.1033e+10,-7.6218e+09,4.5e+10,-4.027e+10,7.052e+10,-1.2479e+11,7.1265e+10,-2.4638e+11,7.5515e+10,-2.5299e+11,7.7484e+10,-2.4813e+11,3.4308e+10,-1.2801e+11,7.796e+10,-4.0049e+10,7.1876e+10,-3.5329e+10,6.4619e+10,-3.6489e+10,1
1.6497e+10,3.1518e+10,1.5553e+10,3.3643e+10,1.3252e+10,3.6448e+10,1.8212e+10,3.6983e+10,2.9139e+10,2.9454e+10,4.2982e+10,1.7015e+10,5.2255e+10,4.1316e+09,5.6239e+10,-1.4008e+09,5.0314e+10,-5.6602e+09,3.5315e+10,-6.7836e+09,1.6722e+10,-1.1617e+10,-1.3202e+09,-8.3101e+09,-9.6651e+09,-2.8359e+06,-1.6318e+10,8.9273e+09,-2.0326e+10,1.7244e+10,-2.5833e+10,2.6594e+10,-3.2079e+10,3.7098e+10,6.4242e+10,8.0127e+10,7.4439e+10,9.4064e+10,7.4104e+10,1.0166e+11,7.1998e+10,1.0408e+11,6.8204e+10,1.0177e+11,6.1513e+10,1.0178e+11,4.6433e+10,1.0419e+11,3.1496e+10,1.0155e+11,1.822e+10,8.964e+10,6.7127e+09,7.7314e+10,6.54e+10,9.3174e+10,6.8833e+10,9.8576e+10,7.2988e+10,1.0373e+11,7.7323e+10,1.0731e+11,7.0326e+10,8.5173e+10,7.0527e+10,8.5324e+10,6.8814e+10,8.542e+10,6.3377e+10,8.6195e+10,5.7836e+10,8.6523e+10,6.7565e+10,6.7177e+10,6.8727e+10,7.5167e+10,6.5828e+10,7.7274e+10,5.9213e+10,7.5061e+10,6.3351e+10,7.0763e+10,6.7267e+10,6.8553e+10,3.84e+10,7.5124e+10,3.0144e+10,7.7192e+10,2.4421e+10,7.5056e+10,1.7751e+10,6.7583e+10,2.5348e+10,6.9664e+10,3.1413e+10,7.1899e+10,7.1585e+10,4.8724e+10,7.4961e+10,6.6984e+10,7.1566e+10,7.5377e+10,6.5501e+10,7.5449e+10,5.739e+10,7.5285e+10,4.0034e+10,6.7021e+10,2.8986e+10,4.5191e+10,3.9059e+10,2.6883e+10,5.6646e+10,2.1219e+10,6.5038e+10,2.1401e+10,7.2234e+10,2.3385e+10,7.5451e+10,3.0479e+10,7.1533e+10,4.9195e+10,7.0482e+10,7.0224e+10,6.4558e+10,7.1271e+10,5.68e+10,7.0156e+10,3.0205e+10,4.7037e+10,5.7438e+10,2.5515e+10,6.5288e+10,2.5937e+10,7.1921e+10,2.7582e+10,1
4.1171e+10,6.3741e+10,3.5864e+10,4.4151e+10,2.8499e+10,2.3339e+10,1.2262e+10,8.2009e+09,-1.2221e+10,-5.5094e+09,-3.1671e+10,-1.9074e+10,-4.6766e+10,-3.7647e+10,-6.2362e+10,-4.2632e+10,-6.8539e+10,-4.0749e+10,-6.2831e+10,-2.6378e+10,-4.6074e+10,-1.3337e+09,-2.58e+10,2.7811e+10,-1.5311e+10,4.8287e+10,-1.9237e+10,5.8764e+10,-2.2243e+10,6.5128e+10,-1.9719e+10,7.4523e+10,-1.2458e+10,7.8299e+10,-5.8706e+09,1.7186e+11,-5.8284e+09,1.9626e+11,-1.4808e+10,2.2344e+11,-3.054e+10,2.3411e+11,-4.1355e+10,2.2921e+11,-4.8968e+10,2.3715e+11,-4.8127e+10,2.3881e+11,-5.272e+10,2.2639e+11,-4.9448e+10,2.0188e+11,-3.1528e+10,1.772e+11,-5.4105e+10,1.9803e+11,-6.0077e+10,2.0612e+11,-6.5981e+10,2.1338e+11,-7.3082e+10,2.198e+11,-5.2731e+10,1.7726e+11,-6.0175e+10,1.8037e+11,-6.7916e+10,1.8327e+11,-6.9831e+10,1.8179e+11,-7.0617e+10,1.8174e+11,-1.8657e+10,1.4989e+11,-2.197e+10,1.5069e+11,-2.1397e+10,1.564e+11,-2.6424e+10,1.7056e+11,-2.578e+10,1.6964e+11,-2.6903e+10,1.6587e+11,-4.7431e+10,1.7117e+11,-4.5539e+10,1.5764e+11,-4.1006e+10,1.5238e+11,-3.8865e+10,1.5268e+11,-3.7666e+10,1.6827e+11,-4.2157e+10,1.7165e+11,-5.5448e+10,5.5807e+10,-3.478e+10,1.4476e+11,-5.8208e+10,1.7608e+11,-6.7103e+10,1.772e+11,-7.3291e+10,1.7717e+11,-8.4327e+10,1.4824e+11,-4.3833e+10,6.2028e+10,-8.3822e+10,-2.6803e+10,-7.6933e+10,-7.2603e+10,-6.5304e+10,-7.8419e+10,-5.2439e+10,-7.5754e+10,-3.2971e+10,-3.2407e+10,-5.1747e+10,6.0861e+10,-5.9925e+10,1.5802e+11,-6.6793e+10,1.6327e+11,-7.1828e+10,1.6037e+11,-4.8345e+10,6.603e+10,-7.4697e+10,-4.5239e+10,-6.548e+10,-5.1316e+10,-5.5139e+10,-4.8653e+10,2
-4.2763e+10,4.9967e+10,-3.7723e+10,6.3986e+10,-2.8022e+10,7.7317e+10,-1.4649e+10,8.6656e+10,-1.4098e+09,9.2847e+10,7.4999e+09,9.7728e+10,1.3592e+10,1.0434e+11,1.5385e+10,1.0372e+11,8.8842e+09,1.0184e+11,-1.3159e+09,9.7408e+10,-1.1429e+10,9.3327e+10,-1.5713e+10,8.509e+10,-1.7813e+10,7.8387e+10,-1.0016e+10,7.5161e+10,1.9591e+09,6.7731e+10,9.1936e+09,5.3033e+10,1.1061e+10,3.6976e+10,-4.2801e+10,9.0786e+09,-4.63e+10,-9.5612e+09,-3.9428e+10,-1.6665e+10,-3.2185e+10,-1.3305e+10,-2.7661e+10,-4.2955e+09,-2.4016e+10,-1.1165e+10,-1.6669e+10,-1.7409e+10,-7.7833e+09,-1.8929e+10,7.2877e+08,-1.0448e+10,5.3284e+08,6.5461e+09,-1.8465e+10,2.3304e+10,-1.644e+10,3.0903e+10,-1.4693e+10,3.8239e+10,-1.2997e+10,4.5307e+10,-9.9912e+09,6.6718e+10,-1.0882e+10,6.2981e+10,-1.1834e+10,5.924e+10,-1.3813e+10,6.1861e+10,-1.3965e+10,6.4852e+10,-3.933e+10,3.1178e+10,-3.9094e+10,2.101e+10,-3.0296e+10,2.0836e+10,-2.7886e+10,3.2006e+10,-3.0919e+10,3.8822e+10,-4.0271e+10,4.0139e+10,-1.0097e+10,3.0902e+10,-1.2443e+10,2.0571e+10,-5.0399e+09,2.132e+10,-4.1222e+09,2.9153e+10,-2.5467e+09,3.7453e+10,-1.0273e+10,3.6912e+10,4.6695e+10,1.3578e+11,1.6427e+10,9.5345e+10,2.2435e+09,7.2795e+10,-6.1401e+09,7.3391e+10,-1.5171e+10,7.0682e+10,-2.6548e+10,8.9975e+10,-5.5111e+10,1.2928e+11,-2.5565e+10,1.3741e+11,-9.649e+09,1.4565e+11,-3.2033e+09,1.473e+11,3.868e+09,1.4744e+11,1.9871e+10,1.4074e+11,4.9362e+10,1.2913e+11,3.492e+09,8.9434e+10,-6.0229e+09,8.6153e+10,-1.4691e+10,8.6556e+10,-5.6884e+10,1.234e+11,-1.2434e+10,1.2481e+11,-4.1325e+09,1.2645e+11,4.5301e+09,1.262e+11,1
2.9108e+10,4.6475e+10,2.4242e+10,4.0972e+10,9.7583e+09,3.51e+10,-4.0318e+09,3.3099e+10,-3.5048e+09,2.167e+10,1.4739e+10,-2.2058e+09,3.108e+10,-2.8912e+10,4.1076e+10,-3.6214e+10,4.656e+10,-4.2259e+10,4.7184e+10,-3.9499e+10,4.9114e+10,-3.7888e+10,5.3946e+10,-1.791e+10,6.5509e+10,3.2323e+09,5.9047e+10,1.4337e+10,3.9077e+10,2.2176e+10,2.1387e+10,3.8912e+10,1.4953e+10,5.6084e+10,5.2153e+10,1.4624e+11,6.6241e+10,1.6483e+11,7.1076e+10,1.7646e+11,7.3296e+10,1.7761e+11,7.7171e+10,1.7261e+11,8.1322e+10,1.7424e+11,7.405e+10,1.7807e+11,6.479e+10,1.751e+11,5.7909e+10,1.5819e+11,5.4907e+10,1.4111e+11,7.5054e+10,1.5934e+11,7.5581e+10,1.6833e+11,7.7415e+10,1.7732e+11,7.8977e+10,1.8554e+11,5.6619e+10,1.3721e+11,6.5909e+10,1.4165e+11,7.265e+10,1.4819e+11,7.7481e+10,1.417e+11,8.2566e+10,1.3753e+11,6.5486e+10,1.2248e+11,7.2922e+10,1.3904e+11,6.8642e+10,1.4334e+11,6.5966e+10,1.3668e+11,6.5915e+10,1.2475e+11,7.1131e+10,1.1916e+11,6.1268e+10,1.3557e+11,6.2585e+10,1.4207e+11,5.6323e+10,1.3735e+11,5.5182e+10,1.2296e+11,5.6584e+10,1.2007e+11,6.2865e+10,1.2558e+11,-1.408e+10,-1.1266e+10,4.3465e+10,8.296e+10,6.2812e+10,1.2278e+11,7.0898e+10,1.2289e+11,7.8395e+10,1.2284e+11,8.5814e+10,8.3096e+10,1.3146e+11,-1.6988e+10,8.5788e+10,-5.5719e+10,7.4672e+10,-7.5701e+10,7.0504e+10,-7.6712e+10,6.4632e+10,-7.3909e+10,4.3104e+10,-4.9485e+10,-1.1215e+10,-1.9705e+08,6.0202e+10,9.858e+10,7.0513e+10,1.0433e+11,7.8684e+10,9.925e+10,1.3075e+11,-4.0383e+09,7.7524e+10,-5.0733e+10,7.0874e+10,-5.2017e+10,6.2573e+10,-4.8342e+10,2
-4.217e+10,-4.2548e+10,-3.8063e+10,-2.7002e+10,-3.6278e+10,-1.1114e+10,-2.9851e+10,2.3995e+09,-1.0957e+10,1.3592e+10,1.2111e+10,1.8976e+10,3.4493e+10,2.6107e+10,5.6702e+10,2.5391e+10,7.0617e+10,2.0487e+10,7.4075e+10,8.6752e+09,6.8879e+10,-1.0244e+10,6.1475e+10,-2.783e+10,6.0346e+10,-4.0055e+10,6.2602e+10,-4.8272e+10,5.6067e+10,-5.3407e+10,4.6762e+10,-5.6753e+10,3.9368e+10,-5.5187e+10,-4.649e+09,-1.2905e+11,-8.1513e+08,-1.5218e+11,1.2834e+10,-1.7793e+11,3.3167e+10,-1.8942e+11,5.0645e+10,-1.8619e+11,6.3753e+10,-1.9341e+11,6.7935e+10,-1.9394e+11,7.6143e+10,-1.8154e+11,7.6588e+10,-1.5977e+11,6.2968e+10,-1.3667e+11,6.4451e+10,-1.5647e+11,6.945e+10,-1.6339e+11,7.4824e+10,-1.6918e+11,8.112e+10,-1.737e+11,5.2958e+10,-1.4023e+11,6.4477e+10,-1.4198e+11,7.5955e+10,-1.4241e+11,8.2003e+10,-1.4415e+11,8.7155e+10,-1.4586e+11,1.5562e+10,-1.1175e+11,2.3062e+10,-1.0891e+11,2.3186e+10,-1.1386e+11,3.1503e+10,-1.2972e+11,2.7637e+10,-1.3158e+11,2.7772e+10,-1.2901e+11,6.4248e+10,-1.3109e+11,6.8034e+10,-1.1576e+11,6.4158e+10,-1.1146e+11,6.4735e+10,-1.1472e+11,6.0544e+10,-1.3182e+11,6.3988e+10,-1.3385e+11,2.0638e+10,-7.4949e+10,2.9564e+10,-1.2372e+11,6.2102e+10,-1.4042e+11,7.6427e+10,-1.4133e+11,8.8726e+10,-1.4161e+11,1.0825e+11,-1.2776e+11,9.6181e+10,-8.3372e+10,1.0777e+11,-1.8409e+10,9.0008e+10,1.3106e+10,7.4297e+10,1.7718e+10,5.6984e+10,1.6429e+10,2.7359e+10,-1.0416e+10,2.009e+10,-7.592e+10,6.2851e+10,-1.3026e+11,7.6339e+10,-1.3313e+11,8.771e+10,-1.3243e+11,9.8446e+10,-8.2764e+10,8.9064e+10,-3.751e+09,7.4633e+10,8.5042e+08,5.8769e+10,2.7383e+08,2
-7.4235e+10,-4.0101e+10,-6.6858e+10,-1.4941e+10,-6.0218e+10,1.0216e+10,-4.7774e+10,3.1264e+10,-2.0805e+10,4.9791e+10,8.9612e+09,6.1634e+10,3.7293e+10,7.6846e+10,6.4658e+10,7.7726e+10,8.0564e+10,7.2009e+10,8.3969e+10,5.5435e+10,7.7517e+10,3.0596e+10,7.0841e+10,4.0014e+09,7.1114e+10,-1.6168e+10,7.9284e+10,-3.0104e+10,7.7124e+10,-4.2058e+10,6.9655e+10,-5.517e+10,6.2612e+10,-6.2942e+10,-3.918e+10,-1.758e+11,-3.8458e+10,-2.1607e+11,-1.8344e+10,-2.5311e+11,1.0647e+10,-2.6659e+11,3.5243e+10,-2.5799e+11,5.5208e+10,-2.7008e+11,6.7224e+10,-2.7413e+11,8.4953e+10,-2.5867e+11,9.2452e+10,-2.2493e+11,7.8109e+10,-1.8576e+11,5.7259e+10,-2.0659e+11,6.3498e+10,-2.1286e+11,6.9911e+10,-2.1779e+11,7.7415e+10,-2.2087e+11,4.4474e+10,-1.6575e+11,5.8886e+10,-1.6938e+11,7.3634e+10,-1.7129e+11,8.2086e+10,-1.7279e+11,9.026e+10,-1.7389e+11,-1.3077e+10,-1.4169e+11,-3.7918e+09,-1.441e+11,6.8011e+08,-1.5074e+11,1.36e+10,-1.6539e+11,6.5104e+09,-1.6412e+11,1.9277e+09,-1.6e+11,6.7316e+10,-1.6763e+11,7.3032e+10,-1.5325e+11,7.2597e+10,-1.4717e+11,7.5429e+10,-1.4638e+11,6.8935e+10,-1.6494e+11,6.8635e+10,-1.6808e+11,2.656e+10,-4.802e+10,2.4708e+10,-1.2957e+11,6.1137e+10,-1.6138e+11,7.7497e+10,-1.623e+11,9.1535e+10,-1.6376e+11,1.1638e+11,-1.3695e+11,9.2685e+10,-6.0609e+10,1.1655e+11,3.0635e+10,9.5858e+10,7.6051e+10,7.6313e+10,8.262e+10,5.5309e+10,8.0466e+10,2.3342e+10,4.1257e+10,2.6872e+10,-5.1779e+10,6.2872e+10,-1.4087e+11,7.7679e+10,-1.4604e+11,9.0634e+10,-1.4481e+11,9.4626e+10,-6.2375e+10,9.326e+10,4.516e+10,7.6246e+10,5.1644e+10,5.7871e+10,5.0306e+10,2
1.9964e+09,-8.5391e+10,2.0973e+09,-9.269e+10,-2.1615e+08,-9.9349e+10,-6.57e+09,-1.041e+11,-1.3805e+10,-1.0152e+11,-1.9286e+10,-9.77e+10,-1.5254e+10,-9.8398e+10,-2.4989e+09,-1.0544e+11,1.4714e+10,-1.0742e+11,3.1284e+10,-1.0843e+11,4.1375e+10,-1.0837e+11,4.0751e+10,-1.1153e+11,3.305e+10,-1.1705e+11,2.255e+10,-1.202e+11,1.0777e+10,-1.1315e+11,4.3564e+09,-9.8483e+10,6.8654e+08,-8.0105e+10,2.2254e+10,-1.4313e+11,2.6339e+10,-1.4269e+11,2.634e+10,-1.5504e+11,3.1815e+10,-1.669e+11,3.9048e+10,-1.7548e+11,3.7963e+10,-1.713e+11,3.5208e+10,-1.6408e+11,3.3079e+10,-1.532e+11,2.5226e+10,-1.442e+11,1.8143e+10,-1.4372e+11,3.6755e+10,-1.8756e+11,3.8078e+10,-2.0828e+11,3.9629e+10,-2.2762e+11,4.1851e+10,-2.456e+11,3.469e+10,-2.194e+11,3.544e+10,-2.1986e+11,3.7534e+10,-2.2087e+11,3.7451e+10,-2.2027e+11,3.4299e+10,-2.2149e+11,2.657e+10,-1.4896e+11,2.8393e+10,-1.4418e+11,2.1883e+10,-1.4994e+11,2.7068e+10,-1.6914e+11,2.7064e+10,-1.7021e+11,3.3448e+10,-1.662e+11,2.9548e+10,-1.6806e+11,3.4953e+10,-1.5e+11,2.7873e+10,-1.4515e+11,2.6563e+10,-1.4859e+11,2.2513e+10,-1.6521e+11,2.9294e+10,-1.6948e+11,-1.4383e+10,-1.8943e+11,2.2531e+09,-2.1306e+11,2.2036e+10,-2.1796e+11,3.1767e+10,-2.1891e+11,4.1204e+10,-2.1619e+11,5.1444e+10,-2.0945e+11,5.3614e+10,-1.847e+11,4.8644e+10,-1.6956e+11,3.4527e+10,-1.6807e+11,2.5845e+10,-1.6851e+11,1.6039e+10,-1.6864e+11,-3.362e+09,-1.7055e+11,-1.6209e+10,-1.9061e+11,2.1754e+10,-2.1677e+11,3.1526e+10,-2.173e+11,3.972e+10,-2.149e+11,5.4963e+10,-1.8641e+11,3.6756e+10,-1.6364e+11,2.735e+10,-1.639e+11,1.7291e+10,-1.6345e+11,2
