-1,0,0,0,0,0,0,0,0,0,0,0,0,0,0,0,0,0,0,0,0,0,0,0,0,0,0,0,0,0,0,0,0,0,0,0,0,0,0,0,0,0,0,0,0,0,0,0,0,0,0,0,0,0,0,0,0,0,0,0,0,0,0,0,0,0,0,0,0,0,0,0,0,0,0,0,0,0,0,0,0,0,0,0,-0.17657,0,0,0,0,0,0,0,0,0,0,0,0,-1.0333,0,0,0,0,0,0,0,0,0,0,0,0,0,0,0,0,0,0,0,0,0,0,0,0,0,0,0,0,0,0,0,0,0,0,0,0,0,0,0.5
-0.97508,0.010983,-0.11084,-0.0012059,-0.15782,0.0027322,0.028325,0.0092489,-0.0011662,0.0022301,-0.0029383,0.00081914,0.0011243,-0.0015706,0.0062041,-0.0013374,0.0029824,-0.00072199,0.0029811,-0.0046498,0.00094015,0.00058886,-0.040823,-0.073606,-0.00063536,0.010609,0.00011106,-0.0015295,-0.001172,0.0024291,-0.001278,-0.0015361,-0.0012956,-0.59235,0.003362,0.0074485,0.032967,-0.0086891,-0.00089882,0.00098796,0.00028159,0.012335,0.01895,0.026709,0.0035435,0.0042372,0.00027011,0.0012798,0.00015631,0.058951,0.10116,0.0022649,0.0068712,0.015871,0.0002037,0.00046097,0.0029644,0.021962,0.020341,0.0011699,-0.08196,-0.00055645,-0.00099617,0.0074951,0.0068584,0.0016459,0.0014165,0.0013144,0.0011364,-0.00012442,0.00014599,0.00018647,-0.0025142,0.014282,0.0053299,0.0001898,0.0016778,0.0087025,0.0042458,0.032978,0.27952,0.00094033,-0.00016846,0.0071138,-0.17405,0.0011155,0.014778,0.00089243,-0.00044708,0.015729,-0.0017956,-0.00033996,-0.0020135,0.00036228,0.00017548,0.0015899,0.0034091,-1.0362,-0.94528,0.011687,0.0058315,-0.0025612,0.011298,-0.0019626,-0.11895,9.6726e-05,0.00022175,-0.0014637,0.019385,-0.065512,0.00041585,0.004948,0.0049407,-0.00033281,0.0088558,-0.78154,0.00087609,-0.0013779,-0.17064,-0.079288,0.0092619,-0.0026725,0.00098905,0.0060466,0.028952,-0.022308,0.0091544,-0.0015795,0.001306,-0.00037468,0.001793,-0.0015161,0.053258,0.0082674,-0.0022302,0.015248,0.5
-0.9927,-0.10391,-0.58685,0.017479,-0.00033537,0.020954,0.013503,0.026221,-0.00030955,0.059496,-0.085254,-0.021367,0.060243,-0.0052705,0.020669,0.01627,0.015544,-0.013412,0.0072005,-0.00049917,0.041706,0.01535,0.034482,-0.11788,0.016367,0.060937,0.00093661,-0.0062151,-0.09516,-0.0061235,-0.0096055,0.079535,0.013635,-0.0099943,0.034119,0.024118,0.016364,-0.99831,-0.00095704,0.0085941,0.013226,0.016222,1.4832,0.076564,0.039551,0.021103,-0.016398,-0.10316,0.022203,0.013015,0.54479,0.02486,0.0057302,0.11375,0.0313,0.057228,0.017026,0.094832,0.0048487,0.034222,-0.048454,0.019359,-0.70377,-0.0016712,0.026531,0.048294,0.043683,0.013948,0.0618,-0.00067903,0.0087454,0.044988,0.024899,0.010227,0.016556,0.056639,0.028057,0.011795,0.029384,0.031861,0.072667,0.013298,0.0041517,0.014982,-0.15051,0.029167,0.010874,0.019841,0.0047859,0.018786,0.011128,0.016352,0.015951,0.00014955,0.023804,0.019848,0.035507,-1.0038,-2.335,0.038937,0.047582,-0.0066986,0.012059,-0.0093353,0.034321,0.0025895,0.015037,0.0086188,0.029141,-0.67357,0.012759,-0.0055699,0.0072957,-0.00088714,0.040046,-0.45647,0.041581,0.057092,0.034512,0.012526,0.016109,-0.0024354,0.040505,0.05547,0.047323,-0.33921,0.023406,0.015621,0.014805,-0.013824,0.025952,0.026375,0.12751,0.028469,0.033114,0.0058554,0.345
-0.9732,-0.093504,-0.38713,0.0047881,0.034568,0.018189,0.019196,0.031323,0.010703,0.02327,-0.11161,-0.013556,0.065789,-0.013496,0.0062745,0.036324,0.075249,-0.0026755,0.030716,-0.018008,0.056626,0.043756,-0.0091857,-0.14089,0.029708,0.031651,0.035508,0.03915,-0.0036717,0.011807,0.012738,-0.073543,0.0029156,0.007937,0.010778,0.01904,0.0085314,-0.67078,0.022735,-0.0074593,0.010513,0.052854,0.74965,0.037065,0.013011,0.064711,0.012547,0.020892,0.002269,0.011405,0.42614,0.010825,0.00024767,0.024293,0.007295,0.017428,0.022824,0.060599,0.0029631,0.0062622,-0.0045249,0.027598,-0.45597,0.00085437,0.030761,0.0096406,0.068422,0.0041108,0.044696,0.024508,0.024374,0.016287,0.0211,0.033855,0.014718,0.22303,0.00042276,0.068207,-0.023282,0.028508,0.05219,0.040756,0.0044828,0.018399,-0.15538,0.031838,0.033236,0.020706,0.0046306,0.017858,-0.0040602,0.015778,0.05711,0.0195,0.0048977,0.0033707,0.0076476,-1.039,-2.2354,0.051402,0.026127,-0.01009,0.018535,-0.0096131,0.02024,0.037999,0.046379,-0.0053458,-0.0068568,-0.36816,0.013156,0.006213,0.0076649,0.042296,0.062363,-0.54492,0.01687,0.075419,0.077061,-0.008744,-0.036642,-0.0029724,0.026364,0.050608,0.046226,-0.40747,0.016323,-0.005071,0.012773,-0.0015761,0.018307,0.00029449,0.12906,-0.039091,0.018575,0.029561,0.345
-0.98252,-0.020849,-0.11191,-0.00119,-0.1302,0.00082036,0.0086133,0.0040295,-0.00072353,0.000923,-0.0083386,-0.011003,0.00082948,-0.0016193,0.004648,-0.0027053,0.0040443,-0.0080499,0.0015951,-0.0054186,0.031054,-0.0030893,-0.014442,-0.071679,-0.00069895,0.010788,-0.0008106,-0.0021098,-0.001393,0.0023107,-0.0047914,-0.0014941,-0.00068584,-0.36058,0.0012316,0.011614,0.030769,-0.057867,-0.00062559,0.003112,0.0013169,0.015896,0.01905,0.021061,0.020891,0.0032365,0.00028274,0.0083981,0.00029814,0.039351,0.16131,0.0097396,0.0049628,0.01761,0.00022949,0.0033627,0.0054943,0.019264,0.014965,0.00020597,-0.025533,0.00016978,-0.016412,0.0051101,0.013554,0.0018139,0.0045369,0.0019702,0.0047943,-0.00010111,0.00051132,0.009393,0.0048788,0.0015139,0.0021382,0.00090625,0.0019333,0.0082506,0.0045759,0.040349,0.077758,0.0016237,0.0030732,0.00609,-0.15942,0.0058258,0.014421,0.0027672,0.00065847,0.013217,-0.002696,0.0038957,-0.0013165,0.00030379,9.3365e-05,0.0021783,0.003606,-1.0342,-1.287,0.008642,0.0058384,-0.0070983,0.011115,-0.0022538,-0.096084,0.0021385,0.0050989,-0.0061107,0.014411,-0.26372,0.0048523,0.0050067,0.005608,0.0018871,0.0083017,-0.69416,0.0015864,0.0002418,-0.11012,-0.072028,0.0084163,-0.00015275,0.012,0.0086092,0.028686,-0.017848,0.03225,-0.0018847,0.018703,-0.00064691,0.0014036,0.0049787,0.048995,0.0057271,0.013203,0.0018056,0.5
-0.96921,-0.092713,-0.35038,0.015642,0.0071604,0.1145,0.060203,0.016411,0.025047,0.055789,-0.087285,0.012613,0.13939,0.048923,0.049667,-0.0084529,0.015954,0.014662,0.0010493,0.0072432,0.06586,0.012035,0.00053989,-0.18399,0.023858,0.11424,0.00067511,-0.0089343,-0.05998,0.01218,0.11907,0.06875,-0.0018386,0.14071,0.025738,0.032551,0.012367,-1.0352,0.064112,0.037799,0.033642,0.022952,1.6509,0.036245,0.065964,0.019693,-0.019714,0.054068,0.025143,0.031073,0.58281,0.025974,0.0038902,0.054457,0.00045706,0.013233,0.015515,0.098563,0.01387,0.012973,-0.20107,0.057532,-0.91457,-0.00074261,0.030316,0.065111,0.034584,0.055901,0.029902,0.024126,-0.03039,0.046306,0.14311,0.0086101,0.069753,0.030273,0.0073935,0.015529,0.066146,0.092367,0.034619,0.14824,0.031009,0.077506,-0.15505,0.013725,0.012348,0.03077,8.9014e-05,0.071121,-0.020095,0.02499,0.047423,0.00059332,0.0063357,0.067294,0.0415,-0.99658,-2.3376,0.024855,0.030978,0.086632,0.037311,0.044291,0.05109,0.042517,0.037167,-0.011533,0.021785,-0.64971,0.031321,0.039889,0.087577,0.03343,0.020429,-0.64867,0.044455,0.067958,0.034016,0.14755,0.082455,0.030339,0.032398,0.06318,0.023057,-0.32856,0.028045,-0.0025018,0.015444,0.014639,0.012615,0.031463,0.086459,-0.024264,0.047935,0.062936,0.345
-0.99676,-0.00011269,-1.0491e-05,-0.0016494,-0.096632,-0.00021784,8.3025e-05,-0.0001305,1.6621e-06,-0.00016626,-0.00087325,-0.00031714,-1.2348e-05,-0.0015746,2.4041e-05,-0.00077084,-1.1651e-06,-0.00070109,3.812e-05,-0.00016678,-0.00019858,-0.00075897,-0.10021,-0.00081569,-3.817e-05,-0.00071627,4.9058e-06,-0.0013221,-0.00065541,-0.00094042,-5.715e-06,-0.00011076,-0.00058571,-0.88668,6.0262e-06,0.00043705,-9.5837e-05,-4.3549e-05,-0.00067616,-0.00031747,-5.7838e-08,0.00015296,1.7762e-06,0.00015601,0.00047699,-9.9609e-05,4.1148e-07,-0.00095728,4.5172e-06,-0.00026831,-0.001776,0.00017592,-0.00023571,-6.8267e-05,-3.682e-07,-0.00041144,0.0011159,-0.00027135,-0.00022045,-0.00011538,-0.040206,-0.00015832,5.1937e-05,-0.00019501,-0.00065046,-0.00012369,-0.00029412,-9.778e-05,0.00033589,-6.3831e-05,7.9362e-05,-9.794e-06,-2.6822e-05,-2.0548e-06,-0.0001581,-0.00037535,-8.9851e-07,8.9858e-05,0.00030749,7.9706e-05,0.2052,0.00018363,-0.0004203,-6.063e-05,-0.17614,-3.0575e-05,6.3934e-05,0.00074978,-0.00088035,0.00045359,-0.00014979,-0.00050193,-0.00044532,-1.8543e-06,0.00012109,0.00047102,3.4397e-05,-1.0361,-0.0005563,-0.0004225,-0.0002172,-2.4183e-05,0.0014754,-0.0020349,-0.38278,-1.3677e-05,4.6514e-06,-0.00039461,5.3787e-05,-0.00070564,-2.6224e-06,-0.00047276,1.7062e-05,-0.00091478,-0.00028908,-0.86166,0.00022484,-0.00051471,-0.054973,-0.21098,-7.8427e-05,-0.0025993,2.2068e-05,-0.0012699,0.00017023,-0.00027734,8.2696e-06,-0.00099869,-0.0015062,-0.0011974,6.2983e-05,-0.00040172,3.9691e-05,-0.00114,0.00013834,-0.00047376,0.5
-0.9927,-0.10391,-0.58685,0.017479,-0.00033537,0.020954,0.0066671,0.015479,-0.00030955,0.059496,-0.088427,-0.021367,0.060243,-0.0052705,0.020669,0.0057724,0.070231,-0.013412,0.0023176,-0.0026964,0.052448,0.01535,0.077451,-0.11788,0.016367,0.060937,0.016562,-0.0062151,-0.09516,-0.0061235,0.052895,0.079535,0.013635,-0.017319,0.025085,0.024118,0.016364,-0.97488,0.0097851,0.0085941,0.013226,0.016222,1.4832,0.09878,0.043457,0.031845,-0.016398,0.021837,0.030992,0.019851,0.53137,0.014118,0.0076833,0.0043745,0.043995,0.048439,0.028744,0.094832,0.0048487,0.020062,-0.049431,0.031566,-0.68912,0.029579,0.037273,0.062943,0.053204,0.049104,0.067659,0.050102,0.0087454,0.044988,0.024899,0.014133,0.016556,0.056639,0.042705,0.011795,0.029384,0.031861,0.077794,0.0084148,0.0041517,0.014982,-0.08801,0.029167,0.010874,0.10676,0.0047859,0.018786,0.011128,0.025141,0.0047203,0.00014955,0.02063,0.019848,0.025742,-1.0038,-2.335,0.028439,0.047582,-0.0066986,0.00058401,0.0062897,0.029439,0.0025895,0.015037,0.042798,0.029141,-0.67357,0.016666,0.02275,0.0072957,-0.00088714,0.040046,-0.45647,-0.020919,0.057092,0.027676,0.012526,0.019039,-0.0024354,0.040505,0.11406,0.047323,-0.33701,0.030242,0.0026815,0.014805,-0.0060113,0.025952,0.026375,0.14118,0.05386,0.033114,0.010738,0.345
-0.98606,-0.046028,-0.64443,-0.0036178,0.0087909,0.0048062,0.0086899,0.024161,0.022193,0.029537,-0.10187,-0.013885,0.04469,-0.05019,0.1229,-0.0029355,0.020912,-0.019476,0.0088283,0.012752,0.15814,0.00073982,0.043237,-0.15876,0.0037611,0.17554,-0.0053671,-0.0086697,-0.067261,0.019048,0.004688,-0.052533,-0.0037157,-0.038359,0.023111,0.038586,0.010982,-0.84478,-0.058008,0.019959,0.011798,-0.078684,1.3813,0.018786,0.030214,0.056019,-0.020128,0.016906,0.055212,0.065697,0.64689,0.043522,0.01598,0.034518,0.01719,0.043156,0.017405,0.096837,0.031078,0.019695,-0.041099,0.030038,-1.0104,0.0049365,0.03412,0.043778,0.014,0.023844,0.02228,0.012821,0.058701,0.048623,0.024348,0.011301,0.025908,0.070629,0.016725,0.045226,0.016225,0.069281,0.028484,0.061557,0.0088128,0.0081411,-0.15212,0.02075,0.063396,0.05049,0.006084,0.049676,-0.0064957,0.022437,0.00081586,-2.9598e-05,0.011743,0.014243,0.017393,-1.0335,-2.3486,0.015459,0.030429,0.012729,0.034935,-0.0029245,0.024741,0.040395,0.035435,-0.017854,0.02591,-0.80769,0.010322,-0.002795,0.041182,0.090056,0.025531,-0.7446,0.037928,0.07919,0.010529,-0.003691,0.022074,-0.0043268,0.035129,0.029498,0.0098613,-0.31675,0.04957,0.022782,0.010431,0.00013464,0.021535,0.034736,0.11657,-0.023303,0.028005,0.022299,0.5
-0.97481,-0.087889,-0.31982,0.0403,0.049933,0.064829,0.018043,0.029443,0.087166,0.021873,-0.1049,-0.012742,0.061839,0.04239,0.0058977,0.034143,0.070731,0.041546,0.028872,-0.016927,0.053226,0.054897,-0.0086342,-0.13243,0.027924,0.029751,0.033376,0.0368,-0.0034512,0.011098,0.011973,-0.069127,0.022017,0.0074604,0.01013,0.017897,0.0080191,-0.63051,0.021369,-0.0070115,0.0098821,0.049681,0.70464,0.03484,0.039768,0.060825,0.011793,0.019638,0.0021328,0.01072,0.40055,0.010175,0.0002328,0.02926,0.006857,0.016381,0.021454,0.056961,0.0027852,0.0058862,-0.0042533,0.037874,-0.4286,0.00080307,0.028914,0.0090618,0.064313,0.062611,0.042013,0.023036,0.044941,0.015309,0.019833,0.031822,0.013834,0.20964,0.059145,0.034738,-0.0071974,0.026796,0.049056,0.038309,0.0042136,0.017294,-0.15666,0.029926,0.031241,0.070867,0.0043525,0.016786,0.01087,0.035025,0.053681,0.018329,0.017455,0.0031683,0.0071884,-1.0368,-2.1012,0.070346,0.024558,-0.0094839,0.017422,-0.0090359,0.019025,0.035717,0.080311,-0.0050248,-0.0064451,-0.34606,0.012366,0.0058399,0.0072047,0.039756,0.084321,-0.5122,0.040641,0.081906,0.072434,-0.008219,-0.034442,-0.002794,0.024781,0.047569,0.064562,-0.36281,0.015343,-0.0047665,0.012006,0.015041,0.017207,0.0002768,0.12131,-0.036744,0.017459,0.027786,0.345
-0.98323,-0.095038,-0.37102,0.040844,0.0014019,0.066661,0.013789,0.024476,0.069425,0.030741,-0.070714,-0.012112,0.06368,0.074995,0.017739,0.017417,0.050024,0.019069,0.028906,-0.014171,0.045497,0.045816,0.0078342,-0.19595,0.031283,0.051554,0.007532,0.036609,-0.033064,0.015425,0.0053734,-0.033016,0.011138,-0.030945,0.03376,0.02056,0.005638,-0.25437,0.019621,0.012731,0.011634,0.023127,0.65217,0.05867,0.014674,0.019989,0.0050359,-0.013659,0.0071697,0.011183,0.42696,0.011998,0.0007129,0.059983,0.011046,0.024505,0.021343,0.074783,0.0034973,0.0096996,-0.027953,0.019009,-0.471,0.0028261,0.023018,0.036575,0.030902,0.029773,0.045464,0.022006,0.03177,0.011284,0.035861,0.010544,0.012683,0.17622,0.038899,0.02849,-0.0076389,0.026667,0.046649,0.018789,0.0047929,0.023083,-0.16356,0.026858,0.010222,0.063158,0.016229,0.010142,0.0014421,0.035429,0.01505,0.0043523,0.0067445,0.003845,0.023635,-1.0141,-2.1816,0.069486,0.028029,0.0079867,0.012855,-0.0085386,0.037799,0.030976,0.028425,-0.0045869,0.0082475,-0.39563,0.022332,0.003851,0.0074461,0.014386,0.049564,-0.4013,0.042449,0.037056,0.053683,0.0012528,-0.017079,0.00087254,0.021533,0.049272,0.062272,-0.305,0.022417,-0.0024317,0.012699,-0.0051253,0.020067,0.013495,0.077858,0.0082466,0.023115,0.031008,0.345
-0.96906,-0.1042,-0.57241,-0.0011743,0.076424,0.019766,0.0090102,0.059854,-0.00031647,0.021626,-0.084198,-0.018458,0.027794,0.010521,0.026493,-0.0065137,0.06196,-0.018868,0.0031505,0.020552,0.05203,0.013967,0.020955,-0.13558,0.015555,0.075047,0.0099194,0.058278,-0.071239,-0.0061098,-0.0076564,0.036644,0.026666,-0.017583,0.023358,0.020513,0.060228,-1.1216,-0.0012413,0.014004,0.014853,0.016725,1.7,0.038706,0.022228,0.063965,0.010347,0.042425,0.040215,0.012626,0.34163,0.01411,0.040118,0.033555,0.062568,0.056042,0.019024,0.094992,0.0047304,0.014139,-0.051829,0.011034,-0.77574,-0.0016607,0.043947,0.058157,0.050998,0.0061583,0.050492,-0.0014331,-0.053794,0.027781,0.041581,0.010229,0.01557,0.03304,0.018814,0.012032,0.099957,0.03299,0.068908,0.0086084,0.0040862,0.012536,-0.15006,0.030579,0.010905,0.03463,0.0047556,0.037502,0.00059425,0.012307,-0.00065037,0.031428,0.026356,0.025736,0.019049,-1.0302,-2.3644,0.083375,0.050089,0.11742,-0.012505,0.018491,0.021767,0.036166,0.016893,-0.0019738,0.01514,-0.62655,0.0092189,0.015868,0.053664,0.013509,0.046057,-0.50284,0.04124,0.068311,0.021279,0.012355,0.012378,-0.0096841,0.15396,0.067914,0.065539,-0.30093,0.05456,0.0014796,0.042899,0.0068191,0.098353,0.10978,0.12571,0.023738,0.098149,0.033635,0.345
-0.97535,-0.0093822,-0.64757,-0.0033316,0.063866,-0.0003159,0.064021,0.016283,0.011227,0.02954,-0.041085,-0.016607,0.061682,-0.078911,0.076644,0.0036632,0.022946,0.012959,0.010972,0.035041,0.17084,-0.014439,-0.015187,-0.051659,0.02409,0.13038,-0.0054716,-0.012302,-0.15131,0.022287,0.01355,-0.056661,-0.0075789,-0.019383,0.020774,0.058992,0.010191,-1.4232,-0.003675,0.080658,0.065388,-0.10587,1.8676,0.019149,0.030042,0.062453,-0.024304,0.017266,0.06389,0.097514,0.66857,0.05912,0.025404,0.024791,0.016092,0.028194,0.017579,0.099736,0.02187,0.052079,-0.038464,0.01056,-1.0018,0.00036008,0.026595,0.0093557,0.015066,0.020606,0.022431,0.0061527,0.052996,0.014611,0.026075,0.010204,0.029925,0.035329,0.00024514,0.05245,0.04296,0.082914,0.028438,0.090894,0.0051,0.0054949,-0.14938,0.022536,0.069075,0.033463,0.0054611,0.036786,-0.0057345,0.015724,0.030019,0.032131,0.017911,0.0060111,0.027385,-0.96294,-2.3747,0.0050237,0.030945,0.050783,0.071043,-0.0086851,0.024833,0.061457,0.0063537,-0.012919,0.01967,-0.84252,0.013963,0.0075405,0.049924,0.12819,0.048593,-0.78389,0.027454,0.11246,0.01114,0.021938,0.059885,-0.0026527,0.051343,0.048858,0.067487,-0.31517,0.05208,0.044304,0.031418,-0.00087932,0.044705,0.060048,0.09663,0.0016678,0.064267,0.030354,0.5
-0.98302,-0.10078,-0.23079,0.0029902,-0.014788,0.016273,0.0053334,0.0099167,-0.00070997,0.0036708,-0.060668,0.009642,0.0093369,-0.0012625,0.0023884,0.066458,0.015482,-0.0045487,0.0089558,-0.010979,0.025788,-0.0011637,-0.0229,-0.21148,0.019834,0.058507,-0.0026969,-0.0048584,0.0053849,0.0087065,-0.0027053,0.0069496,0.004627,-0.12293,0.0092869,0.015233,0.027836,-0.084363,0.0062009,0.0070194,0.019134,0.025217,0.20756,0.02118,0.027029,0.005196,0.024773,0.018137,0.026466,0.026819,0.28915,0.011036,0.020583,0.030854,0.0045693,0.02101,0.013989,0.048532,0.028986,0.00106,0.014509,0.0044201,-0.28953,0.003362,0.038018,0.044943,0.016928,0.0085998,0.023157,0.00047233,0.042631,0.10341,0.030175,0.0063427,0.013046,0.023701,-0.001993,0.016612,0.022196,0.019691,0.03488,0.005714,0.0034506,0.018856,-0.15622,0.012352,0.014265,0.0070022,-0.00041607,0.021479,0.0051973,0.037872,-0.00075562,0.010847,0.0016118,0.02713,0.015066,-1.0166,-1.9437,0.015552,0.036091,0.0059603,0.023985,-0.0016403,-0.027196,0.00083934,0.025782,0.0097539,0.0040737,-0.2199,0.011552,0.014662,0.010459,-0.0048321,0.016749,-0.29859,0.01567,0.041157,0.030104,-0.061065,0.0040093,0.0049259,0.0082867,0.021576,0.062006,-0.1621,0.032894,-0.0045075,0.022036,-0.002394,0.0048456,0.00095242,0.049619,0.0058376,0.014741,0.0065536,0.345
-0.95109,-0.015913,-0.64805,0.0023546,0.0025821,0.0066642,0.0089851,0.026331,0.011678,0.015112,-0.1204,-0.011287,0.040694,-0.047583,0.044282,-0.010326,0.020654,-0.024188,0.0059312,0.0080064,0.098362,-0.010139,0.024339,-0.26858,0.012393,0.11769,-0.0052265,-0.011329,-0.074266,0.0015478,8.6995e-06,-0.061978,-0.0058718,-0.011428,0.015864,0.044126,0.017192,-0.94408,0.0024832,0.05253,0.020787,-0.08797,1.2087,0.018393,0.067374,0.030385,-0.01106,0.016242,0.018029,0.025169,0.66472,0.024875,0.0033205,0.037057,0.018741,0.032295,0.019826,0.090542,0.02758,0.054403,-0.05313,0.015232,-0.95068,0.0070339,0.037951,0.043864,0.020215,0.032895,0.021584,0.006772,0.065862,0.057449,0.028584,0.011861,0.021816,0.0071844,0.017529,0.041922,0.014141,0.059476,0.031075,0.050712,0.016416,0.012479,-0.1582,0.017483,0.033433,0.041782,0.0064916,0.02751,-0.0061765,0.027648,-0.00035922,0.00027761,0.0051153,0.017444,0.018875,-1.0165,-2.3677,0.025455,0.033191,-0.0024481,0.0095937,-0.0073404,0.025982,0.02234,0.021934,-0.019042,0.019851,-0.82597,0.010762,-0.004851,0.01758,0.099024,-0.0054506,-0.76629,0.026305,0.078685,0.030399,-0.021375,0.0089862,0.0057686,0.057679,0.023461,0.019883,-0.32043,0.038829,0.022849,0.0076687,-0.0078063,0.021126,0.0095732,0.089434,-0.026438,0.028136,0.0099408,0.5
-0.98433,-3.7464e-05,4.3847e-05,-3.8332e-05,4.3847e-05,-3.882e-05,4.3847e-05,-4.0029e-05,4.3847e-05,-4.3847e-05,4.3847e-05,-4.3847e-05,3.43e-05,-3.633e-05,0.12502,-7.4472e-06,8.5128e-06,1.5583e-06,-6.8308e-06,0.015625,-1.8673e-05,-2.1937e-05,-2.9124e-05,-3.071e-05,-3.377e-05,-3.4745e-05,-3.9828e-05,-3.8107e-05,-4.3847e-05,-4.3847e-05,-4.3847e-05,-4.3847e-05,-4.2751e-05,-3.3014e-05,3.5892e-05,1.34e-06,3.2451e-05,2.5134e-05,2.9076e-05,3.02e-05,2.3964e-05,3.2583e-05,1.2345e-05,3.4811e-05,8.2507e-06,3.4789e-05,-4.2118e-06,3.2453e-05,-1.2558e-05,3.0315e-05,-2.1537e-05,2.8753e-05,-2.8462e-05,1.4493e-05,7.3726e-06,0.062533,6.5868e-06,3.9791e-05,5.5153e-06,0.011763,4.7936e-06,4.3847e-05,4.0523e-06,-1.8659e-05,5.3187e-06,-0.12499,5.83e-06,3.897e-05,7.2129e-06,3.368e-05,8.5882e-06,1.2401e-05,3.1442e-05,-1.8563e-05,2.9435e-05,-4.6725e-06,2.7325e-05,-4.6639e-07,2.3513e-05,-8.1972e-06,2.6431e-05,-2.2427e-05,2.9115e-05,-2.577e-05,-0.17657,-6.0728e-06,-1.1414e-05,4.9517e-08,-1.7363e-05,-4.0935e-06,-2.1015e-05,-1.6601e-05,-1.756e-05,-2.2789e-05,0.042958,-1.9744e-05,4.5685e-06,-1.0333,-5.6183e-06,-4.3847e-05,-1.4329e-06,-4.3847e-05,1.8179e-06,-4.3847e-05,4.5094e-06,-4.3847e-05,-0.24999,-4.3847e-05,5.231e-06,-3.6842e-05,1.6986e-05,1.7742e-05,8.6646e-06,2.2844e-05,3.3863e-06,2.3231e-05,-1.335e-06,2.3096e-05,-5.6869e-06,1.7279e-05,-4.8724e-06,-0.093787,-1.0919e-06,-4.3847e-05,1.562e-06,-4.3847e-05,4.1753e-06,-4.3847e-05,1.5267e-05,-3.2434e-05,7.647e-06,2.4648e-05,3.0221e-06,2.5074e-05,-1.3128e-06,2.492e-05,0.5
-0.97535,-0.0093822,-0.64757,-0.0033316,0.063866,-0.0003159,0.064021,0.016283,0.011227,0.02954,-0.033273,-0.016607,0.061682,-0.078911,0.076644,0.0036632,0.022946,0.012959,0.010972,0.035041,0.17084,-0.014439,-0.015187,-0.051659,0.02409,0.13038,-0.0054716,-0.012302,-0.15131,0.022287,0.01355,-0.056661,-0.0075789,-0.019383,0.020774,0.058992,0.010191,-1.4232,0.047106,0.080658,0.065388,-0.10587,1.8676,0.019149,0.030042,0.062453,-0.024304,0.017266,0.06389,0.097514,0.66857,0.05912,0.025404,0.024791,0.016092,0.028194,0.017579,0.099736,0.02187,0.052079,-0.038464,0.01056,-1.0018,0.00036008,0.026595,0.0093557,0.015066,0.020606,0.022431,0.0061527,0.052996,0.014611,0.026075,0.010204,0.029925,0.035329,0.00024514,0.05245,0.04296,0.082914,0.028438,0.090894,0.0051,0.0054949,-0.14938,0.022536,0.069075,0.033463,0.0054611,0.036786,-0.0057345,0.015724,0.030019,0.032131,0.017911,0.0060111,0.027385,-0.90044,-2.3747,0.0050237,0.030945,0.050783,0.071043,-0.0086851,0.024833,0.061457,0.0063537,-0.012919,0.01967,-0.84252,0.017869,0.0075405,0.049924,0.12819,0.048593,-0.78389,0.027454,0.11246,0.01114,0.021938,0.059885,-0.0026527,0.051343,0.048858,0.067487,-0.31517,0.05208,0.044304,0.031418,-0.00087932,0.044705,0.060048,0.09663,0.0016678,0.064267,0.030354,0.5
-0.99609,0,0,0,0,0,0,0,0,0,0,0,0,0,0,0,0,0,0,0,0,0,0,0,0,0,0,0,0,0,0,0,0,0,0,0,0,0,0,0,0,0,0,0,0,0,0,0,0,0,0,0,0,0,0,0,0,0,0,0,0,0,0,0,0,0,0,0,0,0,0,0,0,0,0,0,0,0,0,0,0,0,0,0,-0.17657,0,0,0,0,0,0,0,0,0,0,0,0,-1.0333,0,0,0,0,0,0,0,0,0,0,0,0,0,0,0,0,0,0,0,0,0,0,0,0,0,0,0,0,0,0,0,0,0,0,0,0,0,0,0.5
-0.97553,-0.092633,-0.35369,0.016735,0.043916,0.068195,0.011994,0.02933,0.14338,0.010057,-0.1103,-0.013625,0.039102,0.034465,0.013695,0.0088342,0.066985,0.03227,0.025706,-0.018331,0.047822,0.040039,-0.0092689,-0.17633,0.063163,0.060142,0.029513,0.023939,-0.0049556,0.032411,0.0072606,-0.052585,0.021196,0.051767,0.0098997,0.02065,0.0085187,-0.65653,0.01709,0.010495,-0.013198,0.044386,0.84046,0.033258,0.041932,0.023151,-0.0038869,0.020053,0.0027521,0.012551,0.47479,0.012316,0.00017304,0.031118,0.009501,0.017416,0.022292,0.081577,0.0024822,0.0049241,-0.026172,0.03476,-0.90235,0.00059809,0.032684,0.035588,0.042019,0.12019,0.04424,0.020464,0.040227,0.016207,0.039846,0.029929,0.014575,0.16418,0.0090973,0.037051,0.0038374,0.030081,0.03259,0.038785,0.0044524,0.020287,-0.15546,0.018348,0.023384,0.070099,0.018277,0.017853,-0.0038656,0.027053,0.08651,0.018248,0.010226,0.0043396,0.014109,-1.0377,-2.2408,0.071945,0.026201,-0.0077152,0.017604,-0.0096105,0.029217,0.017574,0.044383,-0.0055146,0.0053362,-0.40835,0.012204,0.0040412,0.0076753,0.003649,0.083713,-0.54415,0.038814,0.073542,0.074327,-0.0090745,-0.040736,-0.0040357,0.025679,0.034537,0.059401,-0.38772,0.019254,-0.0059768,0.0075871,0.0068941,0.020924,0.00014971,0.16273,-0.036621,0.018667,0.020812,0.345
-0.97012,-0.10208,-0.26368,-0.0011717,-0.0075574,0.055762,0.018957,0.048249,0.023198,0.013917,-0.06508,0.013879,0.047785,0.02756,0.010106,0.025969,0.045592,-0.052938,0.038701,0.038907,0.029357,0.035151,0.012561,-0.17618,0.0022975,0.040925,0.015638,0.023109,0.0014494,0.015951,0.0056445,0.054323,0.0091289,-0.099895,0.033732,0.029549,0.015281,-0.2899,0.030472,-0.014626,0.00519,0.052448,0.53314,0.035074,-0.027524,0.04011,-0.0062228,0.033106,0.027104,0.034633,0.23587,0.026154,0.0084981,0.051163,0.070025,0.021485,0.030027,0.1467,0.013909,0.0014242,0.056118,0.067165,-0.15491,0.0086984,0.047776,0.08676,0.0037759,0.014295,0.031366,0.0054336,0.0066395,0.017268,0.032969,0.015926,0.015398,0.046588,-0.0029915,0.042558,-0.010606,0.018652,0.060851,0.041844,0.0061638,0.051068,-0.15597,-0.044969,0.022515,0.0089121,0.008959,0.022372,-0.0023691,0.010813,0.060738,0.012208,0.019382,0.014189,0.067021,-0.98048,-1.8872,0.0039401,0.029532,0.018332,0.028396,-0.0079532,0.046802,0.02004,0.051066,0.027067,-0.0012098,-0.20584,0.0078962,0.055565,0.019079,0.0357,0.017005,-0.20476,0.0093608,0.041977,0.054358,-0.047696,0.011326,0.0036163,0.013442,0.043807,0.035345,-0.11326,0.037578,0.057293,0.027426,0.026014,0.0093572,0.019904,0.065648,-0.0046179,0.013688,0.0274,0.345
-0.97741,-0.0071384,-0.6504,-0.000823,-0.00373,0.0029324,0.019251,0.022835,0.010924,0.013053,-0.099643,-0.014304,0.04178,-0.061177,0.015774,-0.0030195,0.022856,-0.022114,0.010929,0.0067724,0.14041,-0.010556,-0.015109,-0.24396,0.0051741,0.12123,-0.0034841,-0.012044,-0.092554,0.0076632,0.0097945,-0.063388,-0.0050908,-0.010094,0.016958,0.043403,0.016893,-1.2611,-0.0028195,0.061394,0.060463,-0.039938,1.5982,0.019148,0.030044,0.039117,-0.015614,0.015844,0.061259,0.019485,0.6684,0.028267,0.0019484,0.045119,0.021829,0.031068,0.019744,0.09718,0.015039,0.02126,-0.046952,0.011919,-0.97616,0.00096457,0.041279,0.034518,0.013004,0.028204,0.020891,0.0062261,0.057225,0.039513,0.023756,0.011684,0.020865,0.027831,0.0043346,0.052055,0.013576,0.065465,0.038154,0.046663,0.026742,0.014524,-0.15084,0.017755,0.033444,0.034398,0.014191,0.029301,-0.0055095,0.025244,-0.00092446,0.028355,0.016705,0.018431,0.019039,-0.99598,-2.3742,0.025823,0.03278,0.042153,0.023798,-0.0086655,0.026442,0.026404,0.021237,-0.030279,0.019592,-0.81764,0.012049,0.003977,0.022994,0.071522,0.035817,-0.74471,0.026849,0.081016,0.010908,0.0013979,0.0010729,0.0010781,0.025296,0.020461,0.042614,-0.31723,0.039782,0.020769,0.012294,-0.0030888,0.020786,0.013695,0.092437,-0.0060567,0.034566,0.024823,0.5
-0.99,0.0014009,-0.10887,-0.00071747,-0.096217,0.0027741,0.013755,0.0056933,0.002082,0.005896,-0.0032139,0.00035569,0.00076399,0.00076221,0.0063335,-0.00077968,0.0041886,0.0024962,0.0021271,-0.0043868,0.00097645,0.00094144,-0.042718,-0.073709,0.0030354,0.0089352,-0.00017901,0.011578,-0.0010224,0.00024289,-0.0014966,0.01693,0.0049525,-0.56506,0.0028812,0.0065157,0.014072,-0.0058337,0.006577,0.0027793,0.0028652,0.011793,0.029802,0.020525,-0.0012662,0.022436,0.0014893,0.0020505,0.00068918,0.023557,0.037879,0.0023579,0.006951,0.010674,0.00080693,0.0004688,0.0083217,0.023249,0.0096323,0.00059633,-0.030544,-0.00018776,-0.028475,0.007087,0.0081198,0.0117,0.015123,0.0017807,0.014018,2.4183e-05,0.0016494,0.031647,-0.00081699,0.013743,0.0050274,0.00020093,0.00068289,0.014523,0.0053962,0.0013003,0.14221,0.00085893,0.0021288,0.022535,-0.16925,0.001514,0.0054218,0.005621,0.010536,0.010522,-0.0015529,0.0016392,0.0030327,0.00036324,0.0023903,0.0015524,0.0016196,-1.0345,-0.85034,0.005758,0.0032846,0.0033636,0.011603,-0.0020892,-0.10361,0.00054527,0.00023586,-0.00075085,0.019316,-0.036781,0.0010744,0.005802,0.004898,0.0012675,0.01587,-0.74859,0.00097311,0.0033529,-0.08178,-0.078786,0.0030249,-0.00062104,0.0015759,0.013923,0.0034232,-0.031549,0.014762,-0.001534,0.009107,-0.00040135,0.0021699,0.0079095,0.039014,0.00043056,0.00069623,0.0057529,0.5
-0.9881,-0.096723,-0.59011,0.014992,-0.0060733,0.016348,0.0070446,0.01748,0.0012087,0.058489,-0.12515,-0.018152,0.024694,-0.0073843,0.018124,0.0049786,0.048681,-0.017831,0.0024281,-0.014611,0.04344,0.012933,0.072219,-0.23061,0.015442,0.083339,0.01561,-0.00094648,-0.071971,-0.0062024,0.036533,0.050621,0.012224,-0.015275,0.020004,0.032363,0.021068,-0.95171,-0.023732,0.010736,0.010969,0.017389,1.4091,0.051722,0.043503,0.028354,-0.0096425,0.018594,0.039715,0.018203,0.58702,0.015172,0.0051437,0.033176,0.036885,0.067916,0.026284,0.091578,0.011264,0.0016232,-0.053213,0.023254,-0.83088,0.028999,0.042986,0.061371,0.023936,0.037574,0.041411,0.042255,0.013641,0.054262,0.026977,0.01313,0.016788,0.026025,0.039746,0.020518,0.01504,0.032468,0.03989,0.021724,0.022277,0.016503,-0.11872,0.02054,0.014745,0.03719,0.014643,0.028073,-0.0028518,0.028705,0.004667,-0.00064159,0.0074288,0.04295,0.024881,-1.0104,-2.3395,0.031733,0.046595,-0.0057045,0.0065596,0.0017179,0.027971,0.010262,0.025743,-0.029203,0.021814,-0.73529,0.014042,0.011377,0.007809,-0.0027039,0.031085,-0.66151,0.013531,0.071614,0.011976,0.0089866,0.011133,0.0097381,0.040045,0.090894,-0.0028126,-0.33191,0.029289,-0.0055765,0.0077696,-0.0020743,0.023946,0.0097117,0.099365,-0.010789,0.029299,0.0061038,0.345
-0.98156,-0.101,-0.19285,-0.0037743,-0.02667,0.01108,0.0053974,0.011816,-0.00079275,0.0025887,-0.049013,0.0011305,0.013576,-0.0012242,0.0023896,0.0074504,0.019659,-0.0050253,0.009195,-0.0073606,0.043703,-0.0030223,-0.025552,-0.19441,0.0016174,0.038783,-0.0029926,-0.0048379,0.0039451,0.0057488,-0.0083369,0.018071,0.003247,-0.14513,0.012508,0.023344,0.027708,-0.098517,0.0061411,0.0039638,0.02725,0.051966,0.18899,0.046223,0.020494,0.0047175,0.013205,0.01712,0.0025772,0.022922,0.27536,0.0061229,0.010074,0.022924,0.0040744,0.034508,0.013837,0.040418,0.0043767,0.00090339,0.029632,0.0010439,-0.075602,0.017667,0.037072,0.023309,0.0057562,0.0027032,0.041033,-0.0052322,0.00051573,0.10081,0.027337,0.005758,0.026979,0.026876,-0.0022599,0.01115,0.020317,0.01538,0.024692,0.004481,0.0025506,0.0083144,-0.1674,0.012026,0.013446,0.018318,0.00028296,0.024188,-0.0076349,0.014544,-0.0010544,0.0008278,0.0014466,0.0022751,0.013793,-1.0344,-1.6814,-0.0026832,0.02834,0.002329,0.036937,-0.0030611,-0.037697,0.00078852,0.0087059,0.0099907,0.00072731,-0.12315,0.029942,0.014577,0.029994,0.0085633,0.016837,-0.31592,0.0059457,0.039654,0.026494,-0.062058,0.0053884,0.0067479,0.0065236,0.034873,0.080898,-0.15944,0.050955,-0.0014253,0.036656,-0.0037877,0.0036214,-0.00028851,0.04476,-0.0027607,0.012367,0.014437,0.345
-0.98057,-0.095324,-0.43521,0.015623,-9.7367e-05,0.038591,0.0090378,0.022402,0.031682,0.020296,-0.11632,-0.018148,0.033103,0.018187,0.017544,0.0079837,0.052921,0.0092334,0.0033291,-0.015403,0.044618,0.029489,0.039485,-0.18557,0.019784,0.08168,0.020365,0.011091,-0.03998,0.0056626,0.022866,0.040588,0.017872,-0.0069431,0.014946,0.032161,0.01169,-0.82127,-0.0036489,0.010502,0.0050832,0.027584,1.0726,0.03692,0.042268,0.028273,-0.0073132,0.018933,0.023772,0.014541,0.56106,0.014055,0.0043164,0.032866,0.029324,0.055255,0.025379,0.088473,0.010061,0.0029498,-0.051789,0.026528,-0.87502,0.0073098,0.037507,0.038002,0.039986,0.037903,0.04422,0.028813,0.029014,0.052803,0.034044,0.026811,0.01573,0.050505,0.016026,0.029095,0.010883,0.031419,0.034206,0.02414,0.021058,0.017861,-0.12782,0.019871,0.02069,0.049434,0.015918,0.019764,-0.0033525,0.027269,0.032911,0.010499,0.0086085,0.031436,0.015065,-1.0281,-2.245,0.065568,0.030318,-0.0068656,0.014851,-0.0048104,0.027994,0.017365,0.039277,-0.017628,0.0061779,-0.64399,0.013137,0.010305,0.0077249,-0.000152,0.042182,-0.63166,0.020875,0.073481,0.029516,-0.00016946,-0.033579,-0.0026744,0.03829,0.037254,0.024427,-0.33325,0.021454,-0.0057322,0.0077452,0.0028096,0.022255,0.0077736,0.11502,-0.031891,0.020017,0.010651,0.345
-0.99113,-0.10263,-0.6173,0.01593,0.017502,0.010947,0.012401,0.025078,0.010683,0.032745,-0.058223,-0.019203,0.060856,-0.024496,0.032322,0.0096569,0.018391,-0.014238,0.0074972,0.019929,0.08617,0.009499,-0.0089074,-0.099817,0.013216,0.071162,0.00027908,-0.0092766,-0.11025,-0.002218,-0.011557,0.020258,0.0026099,-0.01387,0.020319,0.04032,0.014159,-1.4204,-0.0034595,0.0086301,0.019017,-0.069621,1.7707,0.05892,0.038486,0.048317,-0.018333,-0.045935,0.017539,0.020077,0.63586,0.023442,0.0030037,0.05614,0.029001,0.051145,0.017248,0.097069,0.0047393,0.039776,-0.068444,0.01609,-0.83479,-0.0013175,0.026571,0.026572,0.042083,0.01571,0.044927,0.0041591,0.039225,0.036405,0.014211,0.010223,0.016529,0.033938,0.01757,0.028035,0.018645,0.033591,0.071548,0.079086,0.0048369,0.0105,-0.15345,0.022983,0.044359,0.025973,0.0051705,0.022778,0.0098747,0.015778,0.0067517,0.00053461,0.013455,0.016956,0.030145,-1.0005,-2.3408,0.026297,0.041824,0.015586,0.017905,-0.0092688,0.033481,0.0026154,0.0076847,-0.011823,0.019988,-0.72361,0.01249,-0.010511,0.0075285,0.10753,0.032629,-0.78197,0.038236,0.058551,0.016277,0.011377,0.026497,-0.0024358,0.040253,0.03869,0.048708,-0.34379,0.026647,0.0059478,0.0098411,-0.011284,0.023642,0.013428,0.1005,0.010442,0.034754,0.011452,0.345
-0.98562,-0.094817,-0.29271,-0.0007466,-0.0070389,0.0081785,0.017318,0.032009,0.020559,0.011035,-0.079767,0.0098376,0.044076,-0.0028327,0.0073169,-0.00021074,0.032309,-0.046606,0.029903,0.035808,0.08333,0.030412,0.01244,-0.17639,0.0017588,0.041221,-0.0018534,0.021439,-0.056768,0.0051346,-0.012025,0.0016872,-0.0030847,-0.026134,0.023304,0.03011,0.015509,-0.33834,0.016816,-0.011982,0.0080074,0.050819,0.82956,0.028957,-0.010551,0.0097171,-0.0057703,0.032126,0.014843,0.031578,0.45996,0.027754,0.0059419,0.029503,0.062758,-0.0014606,0.020808,0.14,0.0050345,0.00099464,-0.13783,0.064251,-0.81282,0.0041069,0.033473,0.065621,0.012689,0.022088,0.029196,0.0062872,0.064024,0.01859,0.024151,0.010416,0.014835,0.020042,0.0003641,0.038528,-0.009369,0.030073,0.030934,0.040083,0.024018,0.01815,-0.15871,-0.0020699,0.020786,0.015835,0.0086872,0.019139,-0.0079867,0.011358,0.033691,0.0020775,0.017233,0.012576,0.050317,-0.99055,-2.0917,0.014971,0.031454,0.0095286,0.018772,-0.007358,0.033963,0.018768,0.035787,0.0042865,0.0070538,-0.24272,0.0077143,0.053406,0.016561,0.032622,0.017609,-0.35621,0.015439,0.040937,0.04948,-0.040634,0.005194,0.019101,0.019212,0.034323,0.035665,-0.26215,0.052031,0.029372,0.027225,0.0014965,0.0098717,0.019927,0.055955,-0.012245,0.020938,0.022474,0.345
-0.97587,-0.0039234,-0.6725,0.0039384,-0.0018637,0.0089803,0.012561,0.02895,0.0078191,0.0094036,-0.12123,-0.010733,0.018366,-0.024265,0.016274,-0.0085141,0.019032,-0.022152,0.0074775,-0.010075,0.059808,-0.006225,0.0094631,-0.29214,0.012107,0.12216,-0.0023733,-0.0023105,-0.045007,-0.0025865,0.0082949,-0.056374,0.0071114,-0.0084102,0.015833,0.042581,0.025616,-0.98075,-0.014695,0.028322,0.022743,0.0088741,1.1104,0.021299,0.050638,0.026513,-0.010932,0.01758,0.034453,0.017184,0.66667,0.023279,0.0033985,0.042533,0.023682,0.061987,0.022821,0.091207,0.012074,0.0069222,-0.051943,0.012152,-0.94173,0.013108,0.040119,0.04962,0.015086,0.033125,0.026234,0.0061652,0.064183,0.044774,0.030153,0.012323,0.018198,0.013059,0.021059,0.036709,0.014457,0.047791,0.039961,0.031703,0.031247,0.015827,-0.15453,0.020219,0.01973,0.033594,0.012067,0.029684,-0.0059376,0.028943,-0.00010346,0.0066002,0.0063959,0.04139,0.019064,-1.0188,-2.3314,0.039404,0.033703,0.0094801,0.0075712,-0.0069749,0.026676,0.015292,0.024633,-0.034837,0.020162,-0.79707,0.010726,0.00046717,0.014216,0.015531,0.025849,-0.70204,0.03168,0.072554,0.010554,-0.018259,-0.0086969,0.015257,0.02457,0.020197,-0.009542,-0.31768,0.039523,-0.0029379,0.0083744,-0.003275,0.022527,0.014748,0.092841,-0.022504,0.030422,0.012178,0.5
-0.97209,-0.093604,-0.18566,-0.0011227,-0.021812,0.0078951,0.024757,0.015788,0.0192,0.0088514,-0.058569,0.012354,0.0038251,-0.0021359,0.0090028,0.0023444,0.04381,0.0077621,0.0061858,-0.0007904,0.021752,0.031953,0.0053435,-0.12518,0.0022317,0.035189,0.00469,0.0061014,0.0004988,0.0062867,0.0053657,0.033208,0.0066043,-0.19074,0.010836,0.012644,0.022058,-0.19178,0.021295,0.0027682,0.0050773,0.044732,0.24492,0.028312,-0.020315,0.0066598,-0.0098607,0.010622,0.020968,0.056105,0.21344,0.0040483,0.0066538,0.046987,0.021267,0.010299,0.0042678,0.041067,0.01946,0.0014269,-0.037041,0.0064586,-0.078008,0.0074169,0.010433,0.0098699,0.0033819,0.007342,0.0036708,0.0047508,0.0052188,0.0044773,0.0065622,0.014425,0.0076437,0.010948,0.00056732,0.039006,-0.0057199,0.021511,0.20737,0.036526,0.001311,0.042361,-0.16586,0.0058641,0.020355,0.0094057,0.0035788,0.020399,-0.0021793,0.013328,0.021035,0.0087661,0.018524,0.0020447,0.025839,-1.0361,-1.8266,0.0071717,0.020956,0.0036328,0.013271,-0.0054708,0.0452,0.0083478,0.013992,0.021363,0.013125,-0.19188,0.0039276,0.017451,0.016676,0.0038368,0.010859,-0.28205,0.0052915,0.038358,-0.088442,-0.050021,0.011095,-0.00010718,0.0089318,0.030351,0.029109,-0.07051,0.027683,0.031091,0.0099296,-0.00093751,0.0088684,0.001009,0.056341,0.0063669,0.00066407,0.026596,0.345
-0.98317,-0.099497,-0.26921,0.020877,0.00093245,0.018495,0.0074666,0.011267,0.020866,0.013727,-0.06098,-0.0084762,0.060383,0.048498,0.0034383,0.020555,0.035898,0.0013011,0.012878,-0.014099,0.042566,0.010349,-0.0081398,-0.20863,0.027463,0.053021,0.0019583,0.022613,-0.0039538,0.015364,-0.00018928,-0.021176,0.0092805,-0.093068,0.012365,0.016612,0.023038,-0.13571,0.016962,0.012441,0.014239,0.023311,0.30282,0.038215,0.026227,0.015995,0.0055814,0.003244,0.023748,0.015059,0.42528,0.011237,0.015453,0.045909,0.0083215,0.023258,0.019711,0.073687,0.014578,0.0050144,-0.0048118,0.013878,-0.34606,0.0033072,0.032441,0.042491,0.017183,0.027746,0.029705,0.018728,0.035014,0.058461,0.032644,0.0088042,0.012915,0.11512,0.0055225,0.022986,0.0065714,0.026169,0.041076,0.010712,0.0043971,0.019686,-0.15857,0.023715,0.011655,0.060905,-0.00040904,0.019113,0.0020837,0.036281,0.0058414,0.0073253,0.0045562,0.018583,0.017509,-1.0166,-2.0905,0.036816,0.031315,0.0077603,0.022639,-0.0039152,0.018305,0.010941,0.026562,0.0041857,0.0067617,-0.31915,0.01326,0.012241,0.0094922,-0.0039386,0.037734,-0.31467,0.038756,0.037374,0.05249,0.00043788,-0.0063707,0.0020677,0.01094,0.033344,0.062221,-0.20481,0.030027,-0.0039163,0.01601,-0.0035522,0.012517,0.0082551,0.061066,0.0077695,0.02012,0.029651,0.345
-0.96241,-0.04151,-0.43181,-0.0020823,0.0073802,0.031204,0.0094638,0.021731,0.031545,0.018517,-0.11286,-0.011606,0.037554,-0.029591,0.01959,0.010013,0.031007,0.0053687,0.017238,0.012139,0.046817,-0.0059875,0.010438,-0.23942,0.024971,0.1513,0.021698,-0.0032603,-0.03735,0.0044719,0.00036368,-0.026649,-0.005588,-0.043098,0.039686,0.041918,0.019887,-0.70052,0.004438,0.029486,-0.0012773,0.015031,0.84731,0.018446,0.050881,0.036152,-0.0024614,0.015468,0.022966,0.025554,0.56373,0.021551,0.016568,0.036207,0.016877,0.035549,0.020269,0.081486,0.025375,0.039286,-0.045499,0.016443,-0.89631,0.0079199,0.025491,0.048804,0.025655,0.034679,0.012889,0.015571,0.05649,0.041879,0.028813,0.024357,0.016497,0.0088738,0.043708,0.033943,0.014698,0.055991,0.033032,0.042208,0.01722,0.0137,-0.13676,0.039437,0.025167,0.043029,0.0096857,0.045252,-0.0063221,0.02771,0.0024646,0.00017627,0.0078874,0.016646,0.018918,-1.0161,-2.3542,0.036688,0.032028,0.0030871,0.014672,0.0079125,0.021924,0.014487,0.022176,-0.011973,0.027336,-0.73539,0.031006,-0.0018533,0.012565,0.077635,0.0090454,-0.74676,0.029357,0.056072,0.022304,-0.018584,0.0078281,0.00050935,0.037026,0.044148,-0.005898,-0.31818,0.038876,0.01659,0.030845,0.0074353,0.013136,0.017897,0.11334,-0.022867,0.028325,0.020354,0.5
-0.9606,-0.090707,-0.31494,0.016575,-0.0084812,0.0050423,0.010196,0.05624,0.021073,0.0062509,-0.070632,0.0076095,0.012448,0.022953,0.02988,0.020124,0.037821,-0.0041746,0.0067667,-0.0052967,0.056065,0.0024783,0.033233,-0.22031,0.0099601,0.077795,0.0090149,-0.0043514,-0.029546,0.015199,0.0050833,0.05179,0.012163,-0.0071258,0.011342,0.030347,0.02381,-0.79848,0.021259,0.0070657,0.01215,0.045001,1.1079,0.038863,0.041715,0.020892,-0.016811,0.018032,0.0020333,0.013313,0.58594,0.037536,0.0062396,0.071619,0.027517,0.067701,0.0041868,0.10905,0.016786,0.019823,-0.033737,0.026876,-0.64419,0.0050458,0.045141,0.035373,0.013633,0.035918,0.047424,0.01469,0.03144,0.14632,0.036996,0.029453,0.019296,0.029785,0.0083347,0.027583,0.024793,0.030221,0.037498,0.034337,0.054186,0.029734,-0.15348,0.013686,0.020051,0.018495,0.068788,0.070135,-0.0051647,0.02071,0.00053216,0.0011988,0.0096512,0.00266,0.024733,-1.0057,-2.4254,0.0083652,0.030709,0.0068623,0.018959,-0.0080327,0.058035,0.031581,0.023987,0.010188,0.02817,-0.66693,0.014834,0.013195,0.037054,0.0010947,0.024688,-0.55664,0.019407,0.049442,0.032977,-0.0056539,0.0073891,0.010719,0.038907,0.035959,0.044565,-0.24809,0.044893,0.00064776,0.0071201,0.0095423,0.048724,0.031669,0.042374,-0.0062155,0.048203,0.0060237,0.345
-0.97397,-0.028031,-0.58106,0.00091455,0.043596,0.025379,0.044113,0.016311,0.01432,0.04811,-0.051424,0.0031159,0.079073,-0.046153,0.070607,0.00095176,0.021381,-0.0086427,0.0087514,0.039806,0.16102,-0.0085143,-0.010935,-0.081273,0.0050873,0.11161,-0.0040961,-0.011548,-0.12965,0.020025,0.040093,-0.028596,-0.0062943,0.0096209,0.022129,0.03745,0.025571,-1.3364,0.011495,0.071066,0.068782,-0.077041,1.8191,0.035426,0.051753,0.052884,-0.023276,0.025502,0.055219,0.082645,0.66378,0.051703,0.0016389,0.03143,0.012593,0.024846,0.025906,0.099474,0.02008,0.043328,-0.074854,0.021072,-0.96862,0.00011331,0.027428,0.037214,0.03335,0.028504,0.029474,0.010175,0.040195,0.03147,0.041653,0.009847,0.038838,0.034198,0.0018448,0.044188,0.026924,0.085029,0.029822,0.10373,0.013095,0.02161,-0.15065,0.020564,0.054864,0.041405,0.0042589,0.034615,-0.0089481,0.026587,0.024549,0.028735,0.015321,0.019725,0.023722,-0.9826,-2.3664,0.010926,0.030952,0.058805,0.063494,0.0031701,0.030709,0.057219,0.022283,-0.012609,0.020143,-0.79938,0.017847,0.01478,0.053044,0.10699,0.042291,-0.75363,0.031258,0.1025,0.016259,0.050047,0.064936,0.0047304,0.044829,0.052063,0.057544,-0.31719,0.049631,0.04506,0.014199,0.0025935,0.017815,0.053497,0.094354,-0.0041354,0.038629,0.037646,0.5
-0.98056,-0.10659,-0.20566,-0.0028227,-0.0491,0.019334,0.0055543,0.015965,0.00054269,0.0025024,-0.044653,0.0027846,0.010145,0.0011394,-0.00023073,-0.0042906,0.014213,-0.0011891,0.010828,0.0050997,0.015965,0.0079974,-0.018918,-0.18788,0.0085598,0.043663,0.013488,-0.0038982,-0.0029935,0.0060962,-0.0035663,0.012982,0.0081777,-0.12074,0.015495,0.013139,0.028873,-0.07404,0.0062381,0.0029862,0.0025057,0.032663,0.17119,0.032434,0.016518,0.017363,0.014243,0.018133,0.0085207,0.036896,0.31333,0.0043927,0.012294,0.022971,0.004145,0.0071496,0.010246,0.031431,0.016037,0.0070277,0.050028,0.0010396,-0.092051,0.017624,0.045611,0.025073,0.015126,0.0029511,0.0077163,0.0065064,0.0020535,0.020445,0.044468,0.0052881,0.011375,0.0041288,-0.0020512,0.016054,0.023217,0.02318,0.042589,0.0049519,0.0021157,0.021581,-0.17177,0.018969,0.021122,0.016951,-0.00081527,0.022952,-0.0078153,0.016171,-0.0011224,0.00069527,0.0094077,0.0022555,0.01341,-1.0343,-1.5511,0.0089701,0.028391,0.017659,0.020881,-0.0024722,-0.0021788,0.00090658,0.0085976,-0.0023959,0.00601,-0.093042,0.01766,0.015196,0.011702,0.0004758,0.023927,-0.25428,0.0086393,0.027969,0.018869,-0.059018,0.0093493,0.0010723,0.016504,0.019603,0.021592,-0.076603,0.023941,-0.0022097,0.006594,-0.0051543,0.017961,0.00027539,0.029489,-0.0024299,0.0079181,0.008504,0.345
-0.99676,-0.00011269,-1.0491e-05,-0.0016494,-0.096632,-0.00021784,8.3025e-05,-0.0001305,1.6621e-06,-0.00016626,-0.00087325,-0.00031714,-1.2348e-05,-0.0015746,2.4041e-05,0.0072858,-1.1651e-06,-0.00070109,3.812e-05,-0.00016678,0.0088346,-0.00075897,-0.10021,-0.00081569,-3.817e-05,-0.00071627,4.9058e-06,-0.0013221,-0.00065541,-0.00094042,-5.715e-06,-0.00011076,-0.00058571,-0.88668,6.0262e-06,0.00043705,-9.5837e-05,-4.3549e-05,-0.00067616,-0.00031747,-5.7838e-08,0.00015296,1.7762e-06,0.00015601,0.00047699,-9.9609e-05,4.1148e-07,-0.00095728,4.5172e-06,-0.00026831,-0.001776,0.00017592,-0.00023571,-6.8267e-05,-3.682e-07,0.0012975,0.0011159,0.0099826,-0.00022045,-0.00011538,-0.026535,-0.00015832,5.1937e-05,-0.00019501,-0.00065046,-0.00012369,-0.00029412,-9.778e-05,0.00033589,-6.3831e-05,0.0066712,-9.794e-06,-2.6822e-05,-2.0548e-06,-0.0001581,-0.00037535,-8.9851e-07,8.9858e-05,0.00030749,7.9706e-05,0.2052,0.00018363,-0.016045,-6.063e-05,-0.16515,-3.0575e-05,6.3934e-05,0.010515,-0.00088035,0.00045359,-0.00014979,-0.00050193,-0.00044532,0.0051251,0.00012109,0.00047102,0.011265,-1.0322,-0.0005563,-0.0004225,-0.0002172,-2.4183e-05,0.0014754,-0.0020349,-0.38278,-1.3677e-05,4.6514e-06,-0.00039461,5.3787e-05,-0.00070564,0.015378,-0.00047276,1.7062e-05,-0.00091478,-0.00028908,-0.86166,0.00022484,-0.00051471,-0.054973,-0.21098,-7.8427e-05,-0.0025993,2.2068e-05,-0.0012699,0.00017023,-0.00027734,8.2696e-06,-0.00099869,-0.0015062,-0.0011974,6.2983e-05,-0.00040172,3.9691e-05,-0.00114,0.00013834,-0.00047376,0.5
